"","address","lat","lon","id","name","rating","types","type"
"1","Słowackiego 15/19, 01-592 Warszawa, Poland",52.269654,20.979534,"bb0bbb3331ba5f552680f4e472e95fb443a30f0f","Secret Life Cafe",3.9,"{cafe: 1, food: 1, point_of_interest: 1, establishment: 1}","cafe"
"2","Franciszkańska 14, 00-214 Warszawa, Poland",52.2522056,21.0026243,"2274556f6181de5492fbdbe4631733872ea50d28","WakeCup Cafe",4.8,"{cafe: 1, food: 1, store: 1, point_of_interest: 1, establishment: 1}","cafe"
"3","Próżna 12, 00-107 Warszawa, Poland",52.2365755,21.0046833,"a63511b8dcd4fab99181c5c484a58fa38c921ecc","Cafe Próżna",3.7,"{cafe: 1, food: 1, point_of_interest: 1, establishment: 1}","cafe"
"4","Bracka 20, 00-001 Warszawa, Poland",52.2319729,21.016482,"818eb0a2c4017b90a7697ba383817bc623e4be5e","Miedzy Nami",4.3,"{cafe: 1, food: 1, point_of_interest: 1, establishment: 1}","cafe"
"5","Wielicka 43, 02-001 Warszawa, Poland",52.187444,21.021684,"8ba2fcda3d25d64bce6fd3c2b6dfeb04a473d0cd","Cafe Wielicka",4.3,"{cafe: 1, food: 1, point_of_interest: 1, establishment: 1}","cafe"
"6","lok. U31, Sokołowska 9, 01-142 Warszawa, Poland",52.2356452,20.9589394,"c3a6e4b341745bf4ce1d62413af22a37db81a640","Biocultura Cafe",4.2,"{cafe: 1, restaurant: 1, food: 1, point_of_interest: 1, establishment: 1}","cafe"
"7","Stefana Okrzei 35, 03-715 Warszawa, Poland",52.2517269,21.0362433,"bb496c441362bfe75f9ab031baf3867fc757d82a","Nostalgia Café",NA,"{cafe: 1, food: 1, point_of_interest: 1, establishment: 1}","cafe"
"8","aleja Niepodległości 80, 02-001 Warszawa, Poland",52.1963925,21.0139019,"9f5c641f259a12d7d317000138e3513246ec2b2b","Trattoria Mood Cafe",4.2,"{restaurant: 1, cafe: 1, food: 1, point_of_interest: 1, establishment: 1}","cafe"
"9","Oboźna 3, Warszawa, Poland",52.2394757,21.022768,"f7259ef33ba99875cba31cf829cd6a05c67035fd","Kawiarnia Kafka",4.3,"{cafe: 1, food: 1, point_of_interest: 1, establishment: 1}","cafe"
"10","Anielewicza 2, Warszawa, Poland",52.2494577,20.9976913,"b7a56cc553489d8766d3c530fd668d268281c93a","Paradox Cafe",4.4,"{cafe: 1, food: 1, point_of_interest: 1, establishment: 1}","cafe"
"11","Aleje Jerozolimskie 113/115, 02-017 Warszawa, Poland",52.2255716,20.9938002,"67c689be040df778b3f9f458626c7094c058290a","Cafe du Monde",4.4,"{cafe: 1, restaurant: 1, food: 1, store: 1, point_of_interest: 1, establishment: 1}","cafe"
"12","Ludwika Waryńskiego 28, 00-650 Warszawa, Poland",52.2208984,21.0159934,"46c49753739c4692b50ce1440e7960fac9c71f14","MiTo",4.4,"{cafe: 1, art_gallery: 1, book_store: 1, food: 1, store: 1, point_of_interest: 1, establishment: 1}","cafe"
"13","Nowy Świat 64, 00-357 Warszawa, Poland",52.2364147,21.0184016,"e88f919173495c9c8fd20dbd60d43e8cae7eead5","Kawiarnia i Piekarnia Café Vincent",3.6,"{cafe: 1, food: 1, point_of_interest: 1, establishment: 1}","cafe"
"14","Wilcza 11, 00-538 Warszawa, Poland",52.2257722,21.0200234,"f6cb77801a8b73f1d0915e353f0889cf11427536","Marrakesh Cafe",4.4,"{cafe: 1, restaurant: 1, food: 1, point_of_interest: 1, establishment: 1}","cafe"
"15","Górczewska 80, 01-401 Warszawa, Poland",52.239052,20.9479049,"188c34df168493cfe6920418713653d39d6c2005","ToZo Cafe",4.7,"{cafe: 1, food: 1, point_of_interest: 1, establishment: 1}","cafe"
"16","Juliana Ursyna Niemcewicza 3, Warszawa, Poland",52.2204761,20.9885493,"143fa4989642f6e0f88ec62d627103eacc167b93","Kawiarnia Filtry",4.5,"{cafe: 1, food: 1, point_of_interest: 1, establishment: 1}","cafe"
"17","Melchiora Wańkowicza 5, 02-796 Warszawa, Poland",52.1337139,21.06404,"b380b75417af4886b6a763ecb6fa00f1e1a1d311","Me Gusta Cafe",4.2,"{cafe: 1, bakery: 1, meal_takeaway: 1, restaurant: 1, food: 1, store: 1, point_of_interest: 1, establishment: 1}","cafe"
"18","Zakręt 8, 02-907 Warszawa, Poland",52.1896956,21.0687879,"edbef5893ae8e676f97e60f3bb30aebbb2c173a5","NABO Cafe",4.6,"{cafe: 1, restaurant: 1, food: 1, point_of_interest: 1, establishment: 1}","cafe"
"19","Mokotowska 19, Warszawa, Poland",52.2204595,21.0177784,"389852e0ebc7395550f93015a885b023744e5644","Pini Cafe & Vino",3.9,"{cafe: 1, food: 1, point_of_interest: 1, establishment: 1}","cafe"
"20","Złota 8a, Warszawa, Poland",52.233269,21.0107443,"3b1ca9d25b3a22efc4be20e3948d9fdb4100a34a","Relax Cafe Bar",4.7,"{cafe: 1, bar: 1, food: 1, point_of_interest: 1, establishment: 1}","cafe"
"21","Słowackiego 15/19, 01-592 Warszawa, Poland",52.269654,20.979534,"bb0bbb3331ba5f552680f4e472e95fb443a30f0f","Secret Life Cafe",3.9,"{cafe: 1, food: 1, point_of_interest: 1, establishment: 1}","cafe"
"22","Franciszkańska 14, 00-214 Warszawa, Poland",52.2522056,21.0026243,"2274556f6181de5492fbdbe4631733872ea50d28","WakeCup Cafe",4.8,"{cafe: 1, food: 1, store: 1, point_of_interest: 1, establishment: 1}","cafe"
"23","Próżna 12, 00-107 Warszawa, Poland",52.2365755,21.0046833,"a63511b8dcd4fab99181c5c484a58fa38c921ecc","Cafe Próżna",3.7,"{cafe: 1, food: 1, point_of_interest: 1, establishment: 1}","cafe"
"24","Bracka 20, 00-001 Warszawa, Poland",52.2319729,21.016482,"818eb0a2c4017b90a7697ba383817bc623e4be5e","Miedzy Nami",4.3,"{cafe: 1, food: 1, point_of_interest: 1, establishment: 1}","cafe"
"25","Wielicka 43, 02-001 Warszawa, Poland",52.187444,21.021684,"8ba2fcda3d25d64bce6fd3c2b6dfeb04a473d0cd","Cafe Wielicka",4.3,"{cafe: 1, food: 1, point_of_interest: 1, establishment: 1}","cafe"
"26","lok. U31, Sokołowska 9, 01-142 Warszawa, Poland",52.2356452,20.9589394,"c3a6e4b341745bf4ce1d62413af22a37db81a640","Biocultura Cafe",4.2,"{cafe: 1, restaurant: 1, food: 1, point_of_interest: 1, establishment: 1}","cafe"
"27","Stefana Okrzei 35, 03-715 Warszawa, Poland",52.2517269,21.0362433,"bb496c441362bfe75f9ab031baf3867fc757d82a","Nostalgia Café",NA,"{cafe: 1, food: 1, point_of_interest: 1, establishment: 1}","cafe"
"28","aleja Niepodległości 80, 02-001 Warszawa, Poland",52.1963925,21.0139019,"9f5c641f259a12d7d317000138e3513246ec2b2b","Trattoria Mood Cafe",4.2,"{restaurant: 1, cafe: 1, food: 1, point_of_interest: 1, establishment: 1}","cafe"
"29","Oboźna 3, Warszawa, Poland",52.2394757,21.022768,"f7259ef33ba99875cba31cf829cd6a05c67035fd","Kawiarnia Kafka",4.3,"{cafe: 1, food: 1, point_of_interest: 1, establishment: 1}","cafe"
"30","Anielewicza 2, Warszawa, Poland",52.2494577,20.9976913,"b7a56cc553489d8766d3c530fd668d268281c93a","Paradox Cafe",4.4,"{cafe: 1, food: 1, point_of_interest: 1, establishment: 1}","cafe"
"31","Aleje Jerozolimskie 113/115, 02-017 Warszawa, Poland",52.2255716,20.9938002,"67c689be040df778b3f9f458626c7094c058290a","Cafe du Monde",4.4,"{cafe: 1, restaurant: 1, food: 1, store: 1, point_of_interest: 1, establishment: 1}","cafe"
"32","Ludwika Waryńskiego 28, 00-650 Warszawa, Poland",52.2208984,21.0159934,"46c49753739c4692b50ce1440e7960fac9c71f14","MiTo",4.4,"{cafe: 1, art_gallery: 1, book_store: 1, food: 1, store: 1, point_of_interest: 1, establishment: 1}","cafe"
"33","Nowy Świat 64, 00-357 Warszawa, Poland",52.2364147,21.0184016,"e88f919173495c9c8fd20dbd60d43e8cae7eead5","Kawiarnia i Piekarnia Café Vincent",3.6,"{cafe: 1, food: 1, point_of_interest: 1, establishment: 1}","cafe"
"34","Wilcza 11, 00-538 Warszawa, Poland",52.2257722,21.0200234,"f6cb77801a8b73f1d0915e353f0889cf11427536","Marrakesh Cafe",4.4,"{cafe: 1, restaurant: 1, food: 1, point_of_interest: 1, establishment: 1}","cafe"
"35","Górczewska 80, 01-401 Warszawa, Poland",52.239052,20.9479049,"188c34df168493cfe6920418713653d39d6c2005","ToZo Cafe",4.7,"{cafe: 1, food: 1, point_of_interest: 1, establishment: 1}","cafe"
"36","Juliana Ursyna Niemcewicza 3, Warszawa, Poland",52.2204761,20.9885493,"143fa4989642f6e0f88ec62d627103eacc167b93","Kawiarnia Filtry",4.5,"{cafe: 1, food: 1, point_of_interest: 1, establishment: 1}","cafe"
"37","Melchiora Wańkowicza 5, 02-796 Warszawa, Poland",52.1337139,21.06404,"b380b75417af4886b6a763ecb6fa00f1e1a1d311","Me Gusta Cafe",4.2,"{cafe: 1, bakery: 1, meal_takeaway: 1, restaurant: 1, food: 1, store: 1, point_of_interest: 1, establishment: 1}","cafe"
"38","Zakręt 8, 02-907 Warszawa, Poland",52.1896956,21.0687879,"edbef5893ae8e676f97e60f3bb30aebbb2c173a5","NABO Cafe",4.6,"{cafe: 1, restaurant: 1, food: 1, point_of_interest: 1, establishment: 1}","cafe"
"39","Mokotowska 19, Warszawa, Poland",52.2204595,21.0177784,"389852e0ebc7395550f93015a885b023744e5644","Pini Cafe & Vino",3.9,"{cafe: 1, food: 1, point_of_interest: 1, establishment: 1}","cafe"
"40","Złota 8a, Warszawa, Poland",52.233269,21.0107443,"3b1ca9d25b3a22efc4be20e3948d9fdb4100a34a","Relax Cafe Bar",4.7,"{cafe: 1, bar: 1, food: 1, point_of_interest: 1, establishment: 1}","cafe"
"41","Słowackiego 15/19, 01-592 Warszawa, Poland",52.269654,20.979534,"bb0bbb3331ba5f552680f4e472e95fb443a30f0f","Secret Life Cafe",3.9,"{cafe: 1, food: 1, point_of_interest: 1, establishment: 1}","cafe"
"42","Franciszkańska 14, 00-214 Warszawa, Poland",52.2522056,21.0026243,"2274556f6181de5492fbdbe4631733872ea50d28","WakeCup Cafe",4.8,"{cafe: 1, food: 1, store: 1, point_of_interest: 1, establishment: 1}","cafe"
"43","Próżna 12, 00-107 Warszawa, Poland",52.2365755,21.0046833,"a63511b8dcd4fab99181c5c484a58fa38c921ecc","Cafe Próżna",3.7,"{cafe: 1, food: 1, point_of_interest: 1, establishment: 1}","cafe"
"44","Bracka 20, 00-001 Warszawa, Poland",52.2319729,21.016482,"818eb0a2c4017b90a7697ba383817bc623e4be5e","Miedzy Nami",4.3,"{cafe: 1, food: 1, point_of_interest: 1, establishment: 1}","cafe"
"45","Wielicka 43, 02-001 Warszawa, Poland",52.187444,21.021684,"8ba2fcda3d25d64bce6fd3c2b6dfeb04a473d0cd","Cafe Wielicka",4.3,"{cafe: 1, food: 1, point_of_interest: 1, establishment: 1}","cafe"
"46","lok. U31, Sokołowska 9, 01-142 Warszawa, Poland",52.2356452,20.9589394,"c3a6e4b341745bf4ce1d62413af22a37db81a640","Biocultura Cafe",4.2,"{cafe: 1, restaurant: 1, food: 1, point_of_interest: 1, establishment: 1}","cafe"
"47","Stefana Okrzei 35, 03-715 Warszawa, Poland",52.2517269,21.0362433,"bb496c441362bfe75f9ab031baf3867fc757d82a","Nostalgia Café",NA,"{cafe: 1, food: 1, point_of_interest: 1, establishment: 1}","cafe"
"48","aleja Niepodległości 80, 02-001 Warszawa, Poland",52.1963925,21.0139019,"9f5c641f259a12d7d317000138e3513246ec2b2b","Trattoria Mood Cafe",4.2,"{restaurant: 1, cafe: 1, food: 1, point_of_interest: 1, establishment: 1}","cafe"
"49","Oboźna 3, Warszawa, Poland",52.2394757,21.022768,"f7259ef33ba99875cba31cf829cd6a05c67035fd","Kawiarnia Kafka",4.3,"{cafe: 1, food: 1, point_of_interest: 1, establishment: 1}","cafe"
"50","Anielewicza 2, Warszawa, Poland",52.2494577,20.9976913,"b7a56cc553489d8766d3c530fd668d268281c93a","Paradox Cafe",4.4,"{cafe: 1, food: 1, point_of_interest: 1, establishment: 1}","cafe"
"51","Aleje Jerozolimskie 113/115, 02-017 Warszawa, Poland",52.2255716,20.9938002,"67c689be040df778b3f9f458626c7094c058290a","Cafe du Monde",4.4,"{cafe: 1, restaurant: 1, food: 1, store: 1, point_of_interest: 1, establishment: 1}","cafe"
"52","Ludwika Waryńskiego 28, 00-650 Warszawa, Poland",52.2208984,21.0159934,"46c49753739c4692b50ce1440e7960fac9c71f14","MiTo",4.4,"{cafe: 1, art_gallery: 1, book_store: 1, food: 1, store: 1, point_of_interest: 1, establishment: 1}","cafe"
"53","Nowy Świat 64, 00-357 Warszawa, Poland",52.2364147,21.0184016,"e88f919173495c9c8fd20dbd60d43e8cae7eead5","Kawiarnia i Piekarnia Café Vincent",3.6,"{cafe: 1, food: 1, point_of_interest: 1, establishment: 1}","cafe"
"54","Wilcza 11, 00-538 Warszawa, Poland",52.2257722,21.0200234,"f6cb77801a8b73f1d0915e353f0889cf11427536","Marrakesh Cafe",4.4,"{cafe: 1, restaurant: 1, food: 1, point_of_interest: 1, establishment: 1}","cafe"
"55","Górczewska 80, 01-401 Warszawa, Poland",52.239052,20.9479049,"188c34df168493cfe6920418713653d39d6c2005","ToZo Cafe",4.7,"{cafe: 1, food: 1, point_of_interest: 1, establishment: 1}","cafe"
"56","Juliana Ursyna Niemcewicza 3, Warszawa, Poland",52.2204761,20.9885493,"143fa4989642f6e0f88ec62d627103eacc167b93","Kawiarnia Filtry",4.5,"{cafe: 1, food: 1, point_of_interest: 1, establishment: 1}","cafe"
"57","Melchiora Wańkowicza 5, 02-796 Warszawa, Poland",52.1337139,21.06404,"b380b75417af4886b6a763ecb6fa00f1e1a1d311","Me Gusta Cafe",4.2,"{cafe: 1, bakery: 1, meal_takeaway: 1, restaurant: 1, food: 1, store: 1, point_of_interest: 1, establishment: 1}","cafe"
"58","Zakręt 8, 02-907 Warszawa, Poland",52.1896956,21.0687879,"edbef5893ae8e676f97e60f3bb30aebbb2c173a5","NABO Cafe",4.6,"{cafe: 1, restaurant: 1, food: 1, point_of_interest: 1, establishment: 1}","cafe"
"59","Mokotowska 19, Warszawa, Poland",52.2204595,21.0177784,"389852e0ebc7395550f93015a885b023744e5644","Pini Cafe & Vino",3.9,"{cafe: 1, food: 1, point_of_interest: 1, establishment: 1}","cafe"
"60","Złota 8a, Warszawa, Poland",52.233269,21.0107443,"3b1ca9d25b3a22efc4be20e3948d9fdb4100a34a","Relax Cafe Bar",4.7,"{cafe: 1, bar: 1, food: 1, point_of_interest: 1, establishment: 1}","cafe"
"61","Słowackiego 15/19, 01-592 Warszawa, Poland",52.269654,20.979534,"bb0bbb3331ba5f552680f4e472e95fb443a30f0f","Secret Life Cafe",3.9,"{cafe: 1, food: 1, point_of_interest: 1, establishment: 1}","cafe"
"62","Franciszkańska 14, 00-214 Warszawa, Poland",52.2522056,21.0026243,"2274556f6181de5492fbdbe4631733872ea50d28","WakeCup Cafe",4.8,"{cafe: 1, food: 1, store: 1, point_of_interest: 1, establishment: 1}","cafe"
"63","Próżna 12, 00-107 Warszawa, Poland",52.2365755,21.0046833,"a63511b8dcd4fab99181c5c484a58fa38c921ecc","Cafe Próżna",3.7,"{cafe: 1, food: 1, point_of_interest: 1, establishment: 1}","cafe"
"64","Bracka 20, 00-001 Warszawa, Poland",52.2319729,21.016482,"818eb0a2c4017b90a7697ba383817bc623e4be5e","Miedzy Nami",4.3,"{cafe: 1, food: 1, point_of_interest: 1, establishment: 1}","cafe"
"65","Wielicka 43, 02-001 Warszawa, Poland",52.187444,21.021684,"8ba2fcda3d25d64bce6fd3c2b6dfeb04a473d0cd","Cafe Wielicka",4.3,"{cafe: 1, food: 1, point_of_interest: 1, establishment: 1}","cafe"
"66","lok. U31, Sokołowska 9, 01-142 Warszawa, Poland",52.2356452,20.9589394,"c3a6e4b341745bf4ce1d62413af22a37db81a640","Biocultura Cafe",4.2,"{cafe: 1, restaurant: 1, food: 1, point_of_interest: 1, establishment: 1}","cafe"
"67","Stefana Okrzei 35, 03-715 Warszawa, Poland",52.2517269,21.0362433,"bb496c441362bfe75f9ab031baf3867fc757d82a","Nostalgia Café",NA,"{cafe: 1, food: 1, point_of_interest: 1, establishment: 1}","cafe"
"68","aleja Niepodległości 80, 02-001 Warszawa, Poland",52.1963925,21.0139019,"9f5c641f259a12d7d317000138e3513246ec2b2b","Trattoria Mood Cafe",4.2,"{restaurant: 1, cafe: 1, food: 1, point_of_interest: 1, establishment: 1}","cafe"
"69","Oboźna 3, Warszawa, Poland",52.2394757,21.022768,"f7259ef33ba99875cba31cf829cd6a05c67035fd","Kawiarnia Kafka",4.3,"{cafe: 1, food: 1, point_of_interest: 1, establishment: 1}","cafe"
"70","Anielewicza 2, Warszawa, Poland",52.2494577,20.9976913,"b7a56cc553489d8766d3c530fd668d268281c93a","Paradox Cafe",4.4,"{cafe: 1, food: 1, point_of_interest: 1, establishment: 1}","cafe"
"71","Aleje Jerozolimskie 113/115, 02-017 Warszawa, Poland",52.2255716,20.9938002,"67c689be040df778b3f9f458626c7094c058290a","Cafe du Monde",4.4,"{cafe: 1, restaurant: 1, food: 1, store: 1, point_of_interest: 1, establishment: 1}","cafe"
"72","Ludwika Waryńskiego 28, 00-650 Warszawa, Poland",52.2208984,21.0159934,"46c49753739c4692b50ce1440e7960fac9c71f14","MiTo",4.4,"{cafe: 1, art_gallery: 1, book_store: 1, food: 1, store: 1, point_of_interest: 1, establishment: 1}","cafe"
"73","Nowy Świat 64, 00-357 Warszawa, Poland",52.2364147,21.0184016,"e88f919173495c9c8fd20dbd60d43e8cae7eead5","Kawiarnia i Piekarnia Café Vincent",3.6,"{cafe: 1, food: 1, point_of_interest: 1, establishment: 1}","cafe"
"74","Wilcza 11, 00-538 Warszawa, Poland",52.2257722,21.0200234,"f6cb77801a8b73f1d0915e353f0889cf11427536","Marrakesh Cafe",4.4,"{cafe: 1, restaurant: 1, food: 1, point_of_interest: 1, establishment: 1}","cafe"
"75","Górczewska 80, 01-401 Warszawa, Poland",52.239052,20.9479049,"188c34df168493cfe6920418713653d39d6c2005","ToZo Cafe",4.7,"{cafe: 1, food: 1, point_of_interest: 1, establishment: 1}","cafe"
"76","Juliana Ursyna Niemcewicza 3, Warszawa, Poland",52.2204761,20.9885493,"143fa4989642f6e0f88ec62d627103eacc167b93","Kawiarnia Filtry",4.5,"{cafe: 1, food: 1, point_of_interest: 1, establishment: 1}","cafe"
"77","Melchiora Wańkowicza 5, 02-796 Warszawa, Poland",52.1337139,21.06404,"b380b75417af4886b6a763ecb6fa00f1e1a1d311","Me Gusta Cafe",4.2,"{cafe: 1, bakery: 1, meal_takeaway: 1, restaurant: 1, food: 1, store: 1, point_of_interest: 1, establishment: 1}","cafe"
"78","Zakręt 8, 02-907 Warszawa, Poland",52.1896956,21.0687879,"edbef5893ae8e676f97e60f3bb30aebbb2c173a5","NABO Cafe",4.6,"{cafe: 1, restaurant: 1, food: 1, point_of_interest: 1, establishment: 1}","cafe"
"79","Mokotowska 19, Warszawa, Poland",52.2204595,21.0177784,"389852e0ebc7395550f93015a885b023744e5644","Pini Cafe & Vino",3.9,"{cafe: 1, food: 1, point_of_interest: 1, establishment: 1}","cafe"
"80","Złota 8a, Warszawa, Poland",52.233269,21.0107443,"3b1ca9d25b3a22efc4be20e3948d9fdb4100a34a","Relax Cafe Bar",4.7,"{cafe: 1, bar: 1, food: 1, point_of_interest: 1, establishment: 1}","cafe"
"81","Słowackiego 15/19, 01-592 Warszawa, Poland",52.269654,20.979534,"bb0bbb3331ba5f552680f4e472e95fb443a30f0f","Secret Life Cafe",3.9,"{cafe: 1, food: 1, point_of_interest: 1, establishment: 1}","cafe"
"82","Franciszkańska 14, 00-214 Warszawa, Poland",52.2522056,21.0026243,"2274556f6181de5492fbdbe4631733872ea50d28","WakeCup Cafe",4.8,"{cafe: 1, food: 1, store: 1, point_of_interest: 1, establishment: 1}","cafe"
"83","Próżna 12, 00-107 Warszawa, Poland",52.2365755,21.0046833,"a63511b8dcd4fab99181c5c484a58fa38c921ecc","Cafe Próżna",3.7,"{cafe: 1, food: 1, point_of_interest: 1, establishment: 1}","cafe"
"84","Bracka 20, 00-001 Warszawa, Poland",52.2319729,21.016482,"818eb0a2c4017b90a7697ba383817bc623e4be5e","Miedzy Nami",4.3,"{cafe: 1, food: 1, point_of_interest: 1, establishment: 1}","cafe"
"85","Wielicka 43, 02-001 Warszawa, Poland",52.187444,21.021684,"8ba2fcda3d25d64bce6fd3c2b6dfeb04a473d0cd","Cafe Wielicka",4.3,"{cafe: 1, food: 1, point_of_interest: 1, establishment: 1}","cafe"
"86","lok. U31, Sokołowska 9, 01-142 Warszawa, Poland",52.2356452,20.9589394,"c3a6e4b341745bf4ce1d62413af22a37db81a640","Biocultura Cafe",4.2,"{cafe: 1, restaurant: 1, food: 1, point_of_interest: 1, establishment: 1}","cafe"
"87","Stefana Okrzei 35, 03-715 Warszawa, Poland",52.2517269,21.0362433,"bb496c441362bfe75f9ab031baf3867fc757d82a","Nostalgia Café",NA,"{cafe: 1, food: 1, point_of_interest: 1, establishment: 1}","cafe"
"88","aleja Niepodległości 80, 02-001 Warszawa, Poland",52.1963925,21.0139019,"9f5c641f259a12d7d317000138e3513246ec2b2b","Trattoria Mood Cafe",4.2,"{restaurant: 1, cafe: 1, food: 1, point_of_interest: 1, establishment: 1}","cafe"
"89","Oboźna 3, Warszawa, Poland",52.2394757,21.022768,"f7259ef33ba99875cba31cf829cd6a05c67035fd","Kawiarnia Kafka",4.3,"{cafe: 1, food: 1, point_of_interest: 1, establishment: 1}","cafe"
"90","Anielewicza 2, Warszawa, Poland",52.2494577,20.9976913,"b7a56cc553489d8766d3c530fd668d268281c93a","Paradox Cafe",4.4,"{cafe: 1, food: 1, point_of_interest: 1, establishment: 1}","cafe"
"91","Aleje Jerozolimskie 113/115, 02-017 Warszawa, Poland",52.2255716,20.9938002,"67c689be040df778b3f9f458626c7094c058290a","Cafe du Monde",4.4,"{cafe: 1, restaurant: 1, food: 1, store: 1, point_of_interest: 1, establishment: 1}","cafe"
"92","Ludwika Waryńskiego 28, 00-650 Warszawa, Poland",52.2208984,21.0159934,"46c49753739c4692b50ce1440e7960fac9c71f14","MiTo",4.4,"{cafe: 1, art_gallery: 1, book_store: 1, food: 1, store: 1, point_of_interest: 1, establishment: 1}","cafe"
"93","Nowy Świat 64, 00-357 Warszawa, Poland",52.2364147,21.0184016,"e88f919173495c9c8fd20dbd60d43e8cae7eead5","Kawiarnia i Piekarnia Café Vincent",3.6,"{cafe: 1, food: 1, point_of_interest: 1, establishment: 1}","cafe"
"94","Wilcza 11, 00-538 Warszawa, Poland",52.2257722,21.0200234,"f6cb77801a8b73f1d0915e353f0889cf11427536","Marrakesh Cafe",4.4,"{cafe: 1, restaurant: 1, food: 1, point_of_interest: 1, establishment: 1}","cafe"
"95","Górczewska 80, 01-401 Warszawa, Poland",52.239052,20.9479049,"188c34df168493cfe6920418713653d39d6c2005","ToZo Cafe",4.7,"{cafe: 1, food: 1, point_of_interest: 1, establishment: 1}","cafe"
"96","Juliana Ursyna Niemcewicza 3, Warszawa, Poland",52.2204761,20.9885493,"143fa4989642f6e0f88ec62d627103eacc167b93","Kawiarnia Filtry",4.5,"{cafe: 1, food: 1, point_of_interest: 1, establishment: 1}","cafe"
"97","Melchiora Wańkowicza 5, 02-796 Warszawa, Poland",52.1337139,21.06404,"b380b75417af4886b6a763ecb6fa00f1e1a1d311","Me Gusta Cafe",4.2,"{cafe: 1, bakery: 1, meal_takeaway: 1, restaurant: 1, food: 1, store: 1, point_of_interest: 1, establishment: 1}","cafe"
"98","Zakręt 8, 02-907 Warszawa, Poland",52.1896956,21.0687879,"edbef5893ae8e676f97e60f3bb30aebbb2c173a5","NABO Cafe",4.6,"{cafe: 1, restaurant: 1, food: 1, point_of_interest: 1, establishment: 1}","cafe"
"99","Mokotowska 19, Warszawa, Poland",52.2204595,21.0177784,"389852e0ebc7395550f93015a885b023744e5644","Pini Cafe & Vino",3.9,"{cafe: 1, food: 1, point_of_interest: 1, establishment: 1}","cafe"
"100","Złota 8a, Warszawa, Poland",52.233269,21.0107443,"3b1ca9d25b3a22efc4be20e3948d9fdb4100a34a","Relax Cafe Bar",4.7,"{cafe: 1, bar: 1, food: 1, point_of_interest: 1, establishment: 1}","cafe"
"101","Słowackiego 15/19, 01-592 Warszawa, Poland",52.269654,20.979534,"bb0bbb3331ba5f552680f4e472e95fb443a30f0f","Secret Life Cafe",3.9,"{cafe: 1, food: 1, point_of_interest: 1, establishment: 1}","cafe"
"102","Franciszkańska 14, 00-214 Warszawa, Poland",52.2522056,21.0026243,"2274556f6181de5492fbdbe4631733872ea50d28","WakeCup Cafe",4.8,"{cafe: 1, food: 1, store: 1, point_of_interest: 1, establishment: 1}","cafe"
"103","Próżna 12, 00-107 Warszawa, Poland",52.2365755,21.0046833,"a63511b8dcd4fab99181c5c484a58fa38c921ecc","Cafe Próżna",3.7,"{cafe: 1, food: 1, point_of_interest: 1, establishment: 1}","cafe"
"104","Bracka 20, 00-001 Warszawa, Poland",52.2319729,21.016482,"818eb0a2c4017b90a7697ba383817bc623e4be5e","Miedzy Nami",4.3,"{cafe: 1, food: 1, point_of_interest: 1, establishment: 1}","cafe"
"105","Wielicka 43, 02-001 Warszawa, Poland",52.187444,21.021684,"8ba2fcda3d25d64bce6fd3c2b6dfeb04a473d0cd","Cafe Wielicka",4.3,"{cafe: 1, food: 1, point_of_interest: 1, establishment: 1}","cafe"
"106","lok. U31, Sokołowska 9, 01-142 Warszawa, Poland",52.2356452,20.9589394,"c3a6e4b341745bf4ce1d62413af22a37db81a640","Biocultura Cafe",4.2,"{cafe: 1, restaurant: 1, food: 1, point_of_interest: 1, establishment: 1}","cafe"
"107","Stefana Okrzei 35, 03-715 Warszawa, Poland",52.2517269,21.0362433,"bb496c441362bfe75f9ab031baf3867fc757d82a","Nostalgia Café",NA,"{cafe: 1, food: 1, point_of_interest: 1, establishment: 1}","cafe"
"108","aleja Niepodległości 80, 02-001 Warszawa, Poland",52.1963925,21.0139019,"9f5c641f259a12d7d317000138e3513246ec2b2b","Trattoria Mood Cafe",4.2,"{restaurant: 1, cafe: 1, food: 1, point_of_interest: 1, establishment: 1}","cafe"
"109","Oboźna 3, Warszawa, Poland",52.2394757,21.022768,"f7259ef33ba99875cba31cf829cd6a05c67035fd","Kawiarnia Kafka",4.3,"{cafe: 1, food: 1, point_of_interest: 1, establishment: 1}","cafe"
"110","Anielewicza 2, Warszawa, Poland",52.2494577,20.9976913,"b7a56cc553489d8766d3c530fd668d268281c93a","Paradox Cafe",4.4,"{cafe: 1, food: 1, point_of_interest: 1, establishment: 1}","cafe"
"111","Aleje Jerozolimskie 113/115, 02-017 Warszawa, Poland",52.2255716,20.9938002,"67c689be040df778b3f9f458626c7094c058290a","Cafe du Monde",4.4,"{cafe: 1, restaurant: 1, food: 1, store: 1, point_of_interest: 1, establishment: 1}","cafe"
"112","Ludwika Waryńskiego 28, 00-650 Warszawa, Poland",52.2208984,21.0159934,"46c49753739c4692b50ce1440e7960fac9c71f14","MiTo",4.4,"{cafe: 1, art_gallery: 1, book_store: 1, food: 1, store: 1, point_of_interest: 1, establishment: 1}","cafe"
"113","Nowy Świat 64, 00-357 Warszawa, Poland",52.2364147,21.0184016,"e88f919173495c9c8fd20dbd60d43e8cae7eead5","Kawiarnia i Piekarnia Café Vincent",3.6,"{cafe: 1, food: 1, point_of_interest: 1, establishment: 1}","cafe"
"114","Wilcza 11, 00-538 Warszawa, Poland",52.2257722,21.0200234,"f6cb77801a8b73f1d0915e353f0889cf11427536","Marrakesh Cafe",4.4,"{cafe: 1, restaurant: 1, food: 1, point_of_interest: 1, establishment: 1}","cafe"
"115","Górczewska 80, 01-401 Warszawa, Poland",52.239052,20.9479049,"188c34df168493cfe6920418713653d39d6c2005","ToZo Cafe",4.7,"{cafe: 1, food: 1, point_of_interest: 1, establishment: 1}","cafe"
"116","Juliana Ursyna Niemcewicza 3, Warszawa, Poland",52.2204761,20.9885493,"143fa4989642f6e0f88ec62d627103eacc167b93","Kawiarnia Filtry",4.5,"{cafe: 1, food: 1, point_of_interest: 1, establishment: 1}","cafe"
"117","Melchiora Wańkowicza 5, 02-796 Warszawa, Poland",52.1337139,21.06404,"b380b75417af4886b6a763ecb6fa00f1e1a1d311","Me Gusta Cafe",4.2,"{cafe: 1, bakery: 1, meal_takeaway: 1, restaurant: 1, food: 1, store: 1, point_of_interest: 1, establishment: 1}","cafe"
"118","Zakręt 8, 02-907 Warszawa, Poland",52.1896956,21.0687879,"edbef5893ae8e676f97e60f3bb30aebbb2c173a5","NABO Cafe",4.6,"{cafe: 1, restaurant: 1, food: 1, point_of_interest: 1, establishment: 1}","cafe"
"119","Mokotowska 19, Warszawa, Poland",52.2204595,21.0177784,"389852e0ebc7395550f93015a885b023744e5644","Pini Cafe & Vino",3.9,"{cafe: 1, food: 1, point_of_interest: 1, establishment: 1}","cafe"
"120","Złota 8a, Warszawa, Poland",52.233269,21.0107443,"3b1ca9d25b3a22efc4be20e3948d9fdb4100a34a","Relax Cafe Bar",4.7,"{cafe: 1, bar: 1, food: 1, point_of_interest: 1, establishment: 1}","cafe"
"121","Słowackiego 15/19, 01-592 Warszawa, Poland",52.269654,20.979534,"bb0bbb3331ba5f552680f4e472e95fb443a30f0f","Secret Life Cafe",3.9,"{cafe: 1, food: 1, point_of_interest: 1, establishment: 1}","cafe"
"122","Franciszkańska 14, 00-214 Warszawa, Poland",52.2522056,21.0026243,"2274556f6181de5492fbdbe4631733872ea50d28","WakeCup Cafe",4.8,"{cafe: 1, food: 1, store: 1, point_of_interest: 1, establishment: 1}","cafe"
"123","Próżna 12, 00-107 Warszawa, Poland",52.2365755,21.0046833,"a63511b8dcd4fab99181c5c484a58fa38c921ecc","Cafe Próżna",3.7,"{cafe: 1, food: 1, point_of_interest: 1, establishment: 1}","cafe"
"124","Bracka 20, 00-001 Warszawa, Poland",52.2319729,21.016482,"818eb0a2c4017b90a7697ba383817bc623e4be5e","Miedzy Nami",4.3,"{cafe: 1, food: 1, point_of_interest: 1, establishment: 1}","cafe"
"125","Wielicka 43, 02-001 Warszawa, Poland",52.187444,21.021684,"8ba2fcda3d25d64bce6fd3c2b6dfeb04a473d0cd","Cafe Wielicka",4.3,"{cafe: 1, food: 1, point_of_interest: 1, establishment: 1}","cafe"
"126","lok. U31, Sokołowska 9, 01-142 Warszawa, Poland",52.2356452,20.9589394,"c3a6e4b341745bf4ce1d62413af22a37db81a640","Biocultura Cafe",4.2,"{cafe: 1, restaurant: 1, food: 1, point_of_interest: 1, establishment: 1}","cafe"
"127","Stefana Okrzei 35, 03-715 Warszawa, Poland",52.2517269,21.0362433,"bb496c441362bfe75f9ab031baf3867fc757d82a","Nostalgia Café",NA,"{cafe: 1, food: 1, point_of_interest: 1, establishment: 1}","cafe"
"128","aleja Niepodległości 80, 02-001 Warszawa, Poland",52.1963925,21.0139019,"9f5c641f259a12d7d317000138e3513246ec2b2b","Trattoria Mood Cafe",4.2,"{restaurant: 1, cafe: 1, food: 1, point_of_interest: 1, establishment: 1}","cafe"
"129","Oboźna 3, Warszawa, Poland",52.2394757,21.022768,"f7259ef33ba99875cba31cf829cd6a05c67035fd","Kawiarnia Kafka",4.3,"{cafe: 1, food: 1, point_of_interest: 1, establishment: 1}","cafe"
"130","Anielewicza 2, Warszawa, Poland",52.2494577,20.9976913,"b7a56cc553489d8766d3c530fd668d268281c93a","Paradox Cafe",4.4,"{cafe: 1, food: 1, point_of_interest: 1, establishment: 1}","cafe"
"131","Aleje Jerozolimskie 113/115, 02-017 Warszawa, Poland",52.2255716,20.9938002,"67c689be040df778b3f9f458626c7094c058290a","Cafe du Monde",4.4,"{cafe: 1, restaurant: 1, food: 1, store: 1, point_of_interest: 1, establishment: 1}","cafe"
"132","Ludwika Waryńskiego 28, 00-650 Warszawa, Poland",52.2208984,21.0159934,"46c49753739c4692b50ce1440e7960fac9c71f14","MiTo",4.4,"{cafe: 1, art_gallery: 1, book_store: 1, food: 1, store: 1, point_of_interest: 1, establishment: 1}","cafe"
"133","Nowy Świat 64, 00-357 Warszawa, Poland",52.2364147,21.0184016,"e88f919173495c9c8fd20dbd60d43e8cae7eead5","Kawiarnia i Piekarnia Café Vincent",3.6,"{cafe: 1, food: 1, point_of_interest: 1, establishment: 1}","cafe"
"134","Wilcza 11, 00-538 Warszawa, Poland",52.2257722,21.0200234,"f6cb77801a8b73f1d0915e353f0889cf11427536","Marrakesh Cafe",4.4,"{cafe: 1, restaurant: 1, food: 1, point_of_interest: 1, establishment: 1}","cafe"
"135","Górczewska 80, 01-401 Warszawa, Poland",52.239052,20.9479049,"188c34df168493cfe6920418713653d39d6c2005","ToZo Cafe",4.7,"{cafe: 1, food: 1, point_of_interest: 1, establishment: 1}","cafe"
"136","Juliana Ursyna Niemcewicza 3, Warszawa, Poland",52.2204761,20.9885493,"143fa4989642f6e0f88ec62d627103eacc167b93","Kawiarnia Filtry",4.5,"{cafe: 1, food: 1, point_of_interest: 1, establishment: 1}","cafe"
"137","Melchiora Wańkowicza 5, 02-796 Warszawa, Poland",52.1337139,21.06404,"b380b75417af4886b6a763ecb6fa00f1e1a1d311","Me Gusta Cafe",4.2,"{cafe: 1, bakery: 1, meal_takeaway: 1, restaurant: 1, food: 1, store: 1, point_of_interest: 1, establishment: 1}","cafe"
"138","Zakręt 8, 02-907 Warszawa, Poland",52.1896956,21.0687879,"edbef5893ae8e676f97e60f3bb30aebbb2c173a5","NABO Cafe",4.6,"{cafe: 1, restaurant: 1, food: 1, point_of_interest: 1, establishment: 1}","cafe"
"139","Mokotowska 19, Warszawa, Poland",52.2204595,21.0177784,"389852e0ebc7395550f93015a885b023744e5644","Pini Cafe & Vino",3.9,"{cafe: 1, food: 1, point_of_interest: 1, establishment: 1}","cafe"
"140","Złota 8a, Warszawa, Poland",52.233269,21.0107443,"3b1ca9d25b3a22efc4be20e3948d9fdb4100a34a","Relax Cafe Bar",4.7,"{cafe: 1, bar: 1, food: 1, point_of_interest: 1, establishment: 1}","cafe"
"141","Słowackiego 15/19, 01-592 Warszawa, Poland",52.269654,20.979534,"bb0bbb3331ba5f552680f4e472e95fb443a30f0f","Secret Life Cafe",3.9,"{cafe: 1, food: 1, point_of_interest: 1, establishment: 1}","cafe"
"142","Franciszkańska 14, 00-214 Warszawa, Poland",52.2522056,21.0026243,"2274556f6181de5492fbdbe4631733872ea50d28","WakeCup Cafe",4.8,"{cafe: 1, food: 1, store: 1, point_of_interest: 1, establishment: 1}","cafe"
"143","Próżna 12, 00-107 Warszawa, Poland",52.2365755,21.0046833,"a63511b8dcd4fab99181c5c484a58fa38c921ecc","Cafe Próżna",3.7,"{cafe: 1, food: 1, point_of_interest: 1, establishment: 1}","cafe"
"144","Bracka 20, 00-001 Warszawa, Poland",52.2319729,21.016482,"818eb0a2c4017b90a7697ba383817bc623e4be5e","Miedzy Nami",4.3,"{cafe: 1, food: 1, point_of_interest: 1, establishment: 1}","cafe"
"145","Wielicka 43, 02-001 Warszawa, Poland",52.187444,21.021684,"8ba2fcda3d25d64bce6fd3c2b6dfeb04a473d0cd","Cafe Wielicka",4.3,"{cafe: 1, food: 1, point_of_interest: 1, establishment: 1}","cafe"
"146","lok. U31, Sokołowska 9, 01-142 Warszawa, Poland",52.2356452,20.9589394,"c3a6e4b341745bf4ce1d62413af22a37db81a640","Biocultura Cafe",4.2,"{cafe: 1, restaurant: 1, food: 1, point_of_interest: 1, establishment: 1}","cafe"
"147","Stefana Okrzei 35, 03-715 Warszawa, Poland",52.2517269,21.0362433,"bb496c441362bfe75f9ab031baf3867fc757d82a","Nostalgia Café",NA,"{cafe: 1, food: 1, point_of_interest: 1, establishment: 1}","cafe"
"148","aleja Niepodległości 80, 02-001 Warszawa, Poland",52.1963925,21.0139019,"9f5c641f259a12d7d317000138e3513246ec2b2b","Trattoria Mood Cafe",4.2,"{restaurant: 1, cafe: 1, food: 1, point_of_interest: 1, establishment: 1}","cafe"
"149","Oboźna 3, Warszawa, Poland",52.2394757,21.022768,"f7259ef33ba99875cba31cf829cd6a05c67035fd","Kawiarnia Kafka",4.3,"{cafe: 1, food: 1, point_of_interest: 1, establishment: 1}","cafe"
"150","Anielewicza 2, Warszawa, Poland",52.2494577,20.9976913,"b7a56cc553489d8766d3c530fd668d268281c93a","Paradox Cafe",4.4,"{cafe: 1, food: 1, point_of_interest: 1, establishment: 1}","cafe"
"151","Aleje Jerozolimskie 113/115, 02-017 Warszawa, Poland",52.2255716,20.9938002,"67c689be040df778b3f9f458626c7094c058290a","Cafe du Monde",4.4,"{cafe: 1, restaurant: 1, food: 1, store: 1, point_of_interest: 1, establishment: 1}","cafe"
"152","Ludwika Waryńskiego 28, 00-650 Warszawa, Poland",52.2208984,21.0159934,"46c49753739c4692b50ce1440e7960fac9c71f14","MiTo",4.4,"{cafe: 1, art_gallery: 1, book_store: 1, food: 1, store: 1, point_of_interest: 1, establishment: 1}","cafe"
"153","Nowy Świat 64, 00-357 Warszawa, Poland",52.2364147,21.0184016,"e88f919173495c9c8fd20dbd60d43e8cae7eead5","Kawiarnia i Piekarnia Café Vincent",3.6,"{cafe: 1, food: 1, point_of_interest: 1, establishment: 1}","cafe"
"154","Wilcza 11, 00-538 Warszawa, Poland",52.2257722,21.0200234,"f6cb77801a8b73f1d0915e353f0889cf11427536","Marrakesh Cafe",4.4,"{cafe: 1, restaurant: 1, food: 1, point_of_interest: 1, establishment: 1}","cafe"
"155","Górczewska 80, 01-401 Warszawa, Poland",52.239052,20.9479049,"188c34df168493cfe6920418713653d39d6c2005","ToZo Cafe",4.7,"{cafe: 1, food: 1, point_of_interest: 1, establishment: 1}","cafe"
"156","Juliana Ursyna Niemcewicza 3, Warszawa, Poland",52.2204761,20.9885493,"143fa4989642f6e0f88ec62d627103eacc167b93","Kawiarnia Filtry",4.5,"{cafe: 1, food: 1, point_of_interest: 1, establishment: 1}","cafe"
"157","Melchiora Wańkowicza 5, 02-796 Warszawa, Poland",52.1337139,21.06404,"b380b75417af4886b6a763ecb6fa00f1e1a1d311","Me Gusta Cafe",4.2,"{cafe: 1, bakery: 1, meal_takeaway: 1, restaurant: 1, food: 1, store: 1, point_of_interest: 1, establishment: 1}","cafe"
"158","Zakręt 8, 02-907 Warszawa, Poland",52.1896956,21.0687879,"edbef5893ae8e676f97e60f3bb30aebbb2c173a5","NABO Cafe",4.6,"{cafe: 1, restaurant: 1, food: 1, point_of_interest: 1, establishment: 1}","cafe"
"159","Mokotowska 19, Warszawa, Poland",52.2204595,21.0177784,"389852e0ebc7395550f93015a885b023744e5644","Pini Cafe & Vino",3.9,"{cafe: 1, food: 1, point_of_interest: 1, establishment: 1}","cafe"
"160","Złota 8a, Warszawa, Poland",52.233269,21.0107443,"3b1ca9d25b3a22efc4be20e3948d9fdb4100a34a","Relax Cafe Bar",4.7,"{cafe: 1, bar: 1, food: 1, point_of_interest: 1, establishment: 1}","cafe"
"161","Słowackiego 15/19, 01-592 Warszawa, Poland",52.269654,20.979534,"bb0bbb3331ba5f552680f4e472e95fb443a30f0f","Secret Life Cafe",3.9,"{cafe: 1, food: 1, point_of_interest: 1, establishment: 1}","cafe"
"162","Franciszkańska 14, 00-214 Warszawa, Poland",52.2522056,21.0026243,"2274556f6181de5492fbdbe4631733872ea50d28","WakeCup Cafe",4.8,"{cafe: 1, food: 1, store: 1, point_of_interest: 1, establishment: 1}","cafe"
"163","Próżna 12, 00-107 Warszawa, Poland",52.2365755,21.0046833,"a63511b8dcd4fab99181c5c484a58fa38c921ecc","Cafe Próżna",3.7,"{cafe: 1, food: 1, point_of_interest: 1, establishment: 1}","cafe"
"164","Bracka 20, 00-001 Warszawa, Poland",52.2319729,21.016482,"818eb0a2c4017b90a7697ba383817bc623e4be5e","Miedzy Nami",4.3,"{cafe: 1, food: 1, point_of_interest: 1, establishment: 1}","cafe"
"165","Wielicka 43, 02-001 Warszawa, Poland",52.187444,21.021684,"8ba2fcda3d25d64bce6fd3c2b6dfeb04a473d0cd","Cafe Wielicka",4.3,"{cafe: 1, food: 1, point_of_interest: 1, establishment: 1}","cafe"
"166","lok. U31, Sokołowska 9, 01-142 Warszawa, Poland",52.2356452,20.9589394,"c3a6e4b341745bf4ce1d62413af22a37db81a640","Biocultura Cafe",4.2,"{cafe: 1, restaurant: 1, food: 1, point_of_interest: 1, establishment: 1}","cafe"
"167","Stefana Okrzei 35, 03-715 Warszawa, Poland",52.2517269,21.0362433,"bb496c441362bfe75f9ab031baf3867fc757d82a","Nostalgia Café",NA,"{cafe: 1, food: 1, point_of_interest: 1, establishment: 1}","cafe"
"168","aleja Niepodległości 80, 02-001 Warszawa, Poland",52.1963925,21.0139019,"9f5c641f259a12d7d317000138e3513246ec2b2b","Trattoria Mood Cafe",4.2,"{restaurant: 1, cafe: 1, food: 1, point_of_interest: 1, establishment: 1}","cafe"
"169","Oboźna 3, Warszawa, Poland",52.2394757,21.022768,"f7259ef33ba99875cba31cf829cd6a05c67035fd","Kawiarnia Kafka",4.3,"{cafe: 1, food: 1, point_of_interest: 1, establishment: 1}","cafe"
"170","Anielewicza 2, Warszawa, Poland",52.2494577,20.9976913,"b7a56cc553489d8766d3c530fd668d268281c93a","Paradox Cafe",4.4,"{cafe: 1, food: 1, point_of_interest: 1, establishment: 1}","cafe"
"171","Aleje Jerozolimskie 113/115, 02-017 Warszawa, Poland",52.2255716,20.9938002,"67c689be040df778b3f9f458626c7094c058290a","Cafe du Monde",4.4,"{cafe: 1, restaurant: 1, food: 1, store: 1, point_of_interest: 1, establishment: 1}","cafe"
"172","Ludwika Waryńskiego 28, 00-650 Warszawa, Poland",52.2208984,21.0159934,"46c49753739c4692b50ce1440e7960fac9c71f14","MiTo",4.4,"{cafe: 1, art_gallery: 1, book_store: 1, food: 1, store: 1, point_of_interest: 1, establishment: 1}","cafe"
"173","Nowy Świat 64, 00-357 Warszawa, Poland",52.2364147,21.0184016,"e88f919173495c9c8fd20dbd60d43e8cae7eead5","Kawiarnia i Piekarnia Café Vincent",3.6,"{cafe: 1, food: 1, point_of_interest: 1, establishment: 1}","cafe"
"174","Wilcza 11, 00-538 Warszawa, Poland",52.2257722,21.0200234,"f6cb77801a8b73f1d0915e353f0889cf11427536","Marrakesh Cafe",4.4,"{cafe: 1, restaurant: 1, food: 1, point_of_interest: 1, establishment: 1}","cafe"
"175","Górczewska 80, 01-401 Warszawa, Poland",52.239052,20.9479049,"188c34df168493cfe6920418713653d39d6c2005","ToZo Cafe",4.7,"{cafe: 1, food: 1, point_of_interest: 1, establishment: 1}","cafe"
"176","Juliana Ursyna Niemcewicza 3, Warszawa, Poland",52.2204761,20.9885493,"143fa4989642f6e0f88ec62d627103eacc167b93","Kawiarnia Filtry",4.5,"{cafe: 1, food: 1, point_of_interest: 1, establishment: 1}","cafe"
"177","Melchiora Wańkowicza 5, 02-796 Warszawa, Poland",52.1337139,21.06404,"b380b75417af4886b6a763ecb6fa00f1e1a1d311","Me Gusta Cafe",4.2,"{cafe: 1, bakery: 1, meal_takeaway: 1, restaurant: 1, food: 1, store: 1, point_of_interest: 1, establishment: 1}","cafe"
"178","Zakręt 8, 02-907 Warszawa, Poland",52.1896956,21.0687879,"edbef5893ae8e676f97e60f3bb30aebbb2c173a5","NABO Cafe",4.6,"{cafe: 1, restaurant: 1, food: 1, point_of_interest: 1, establishment: 1}","cafe"
"179","Mokotowska 19, Warszawa, Poland",52.2204595,21.0177784,"389852e0ebc7395550f93015a885b023744e5644","Pini Cafe & Vino",3.9,"{cafe: 1, food: 1, point_of_interest: 1, establishment: 1}","cafe"
"180","Złota 8a, Warszawa, Poland",52.233269,21.0107443,"3b1ca9d25b3a22efc4be20e3948d9fdb4100a34a","Relax Cafe Bar",4.7,"{cafe: 1, bar: 1, food: 1, point_of_interest: 1, establishment: 1}","cafe"
"181","Słowackiego 15/19, 01-592 Warszawa, Poland",52.269654,20.979534,"bb0bbb3331ba5f552680f4e472e95fb443a30f0f","Secret Life Cafe",3.9,"{cafe: 1, food: 1, point_of_interest: 1, establishment: 1}","cafe"
"182","Franciszkańska 14, 00-214 Warszawa, Poland",52.2522056,21.0026243,"2274556f6181de5492fbdbe4631733872ea50d28","WakeCup Cafe",4.8,"{cafe: 1, food: 1, store: 1, point_of_interest: 1, establishment: 1}","cafe"
"183","Próżna 12, 00-107 Warszawa, Poland",52.2365755,21.0046833,"a63511b8dcd4fab99181c5c484a58fa38c921ecc","Cafe Próżna",3.7,"{cafe: 1, food: 1, point_of_interest: 1, establishment: 1}","cafe"
"184","Bracka 20, 00-001 Warszawa, Poland",52.2319729,21.016482,"818eb0a2c4017b90a7697ba383817bc623e4be5e","Miedzy Nami",4.3,"{cafe: 1, food: 1, point_of_interest: 1, establishment: 1}","cafe"
"185","Wielicka 43, 02-001 Warszawa, Poland",52.187444,21.021684,"8ba2fcda3d25d64bce6fd3c2b6dfeb04a473d0cd","Cafe Wielicka",4.3,"{cafe: 1, food: 1, point_of_interest: 1, establishment: 1}","cafe"
"186","lok. U31, Sokołowska 9, 01-142 Warszawa, Poland",52.2356452,20.9589394,"c3a6e4b341745bf4ce1d62413af22a37db81a640","Biocultura Cafe",4.2,"{cafe: 1, restaurant: 1, food: 1, point_of_interest: 1, establishment: 1}","cafe"
"187","Stefana Okrzei 35, 03-715 Warszawa, Poland",52.2517269,21.0362433,"bb496c441362bfe75f9ab031baf3867fc757d82a","Nostalgia Café",NA,"{cafe: 1, food: 1, point_of_interest: 1, establishment: 1}","cafe"
"188","aleja Niepodległości 80, 02-001 Warszawa, Poland",52.1963925,21.0139019,"9f5c641f259a12d7d317000138e3513246ec2b2b","Trattoria Mood Cafe",4.2,"{restaurant: 1, cafe: 1, food: 1, point_of_interest: 1, establishment: 1}","cafe"
"189","Oboźna 3, Warszawa, Poland",52.2394757,21.022768,"f7259ef33ba99875cba31cf829cd6a05c67035fd","Kawiarnia Kafka",4.3,"{cafe: 1, food: 1, point_of_interest: 1, establishment: 1}","cafe"
"190","Anielewicza 2, Warszawa, Poland",52.2494577,20.9976913,"b7a56cc553489d8766d3c530fd668d268281c93a","Paradox Cafe",4.4,"{cafe: 1, food: 1, point_of_interest: 1, establishment: 1}","cafe"
"191","Aleje Jerozolimskie 113/115, 02-017 Warszawa, Poland",52.2255716,20.9938002,"67c689be040df778b3f9f458626c7094c058290a","Cafe du Monde",4.4,"{cafe: 1, restaurant: 1, food: 1, store: 1, point_of_interest: 1, establishment: 1}","cafe"
"192","Ludwika Waryńskiego 28, 00-650 Warszawa, Poland",52.2208984,21.0159934,"46c49753739c4692b50ce1440e7960fac9c71f14","MiTo",4.4,"{cafe: 1, art_gallery: 1, book_store: 1, food: 1, store: 1, point_of_interest: 1, establishment: 1}","cafe"
"193","Nowy Świat 64, 00-357 Warszawa, Poland",52.2364147,21.0184016,"e88f919173495c9c8fd20dbd60d43e8cae7eead5","Kawiarnia i Piekarnia Café Vincent",3.6,"{cafe: 1, food: 1, point_of_interest: 1, establishment: 1}","cafe"
"194","Wilcza 11, 00-538 Warszawa, Poland",52.2257722,21.0200234,"f6cb77801a8b73f1d0915e353f0889cf11427536","Marrakesh Cafe",4.4,"{cafe: 1, restaurant: 1, food: 1, point_of_interest: 1, establishment: 1}","cafe"
"195","Górczewska 80, 01-401 Warszawa, Poland",52.239052,20.9479049,"188c34df168493cfe6920418713653d39d6c2005","ToZo Cafe",4.7,"{cafe: 1, food: 1, point_of_interest: 1, establishment: 1}","cafe"
"196","Juliana Ursyna Niemcewicza 3, Warszawa, Poland",52.2204761,20.9885493,"143fa4989642f6e0f88ec62d627103eacc167b93","Kawiarnia Filtry",4.5,"{cafe: 1, food: 1, point_of_interest: 1, establishment: 1}","cafe"
"197","Melchiora Wańkowicza 5, 02-796 Warszawa, Poland",52.1337139,21.06404,"b380b75417af4886b6a763ecb6fa00f1e1a1d311","Me Gusta Cafe",4.2,"{cafe: 1, bakery: 1, meal_takeaway: 1, restaurant: 1, food: 1, store: 1, point_of_interest: 1, establishment: 1}","cafe"
"198","Zakręt 8, 02-907 Warszawa, Poland",52.1896956,21.0687879,"edbef5893ae8e676f97e60f3bb30aebbb2c173a5","NABO Cafe",4.6,"{cafe: 1, restaurant: 1, food: 1, point_of_interest: 1, establishment: 1}","cafe"
"199","Mokotowska 19, Warszawa, Poland",52.2204595,21.0177784,"389852e0ebc7395550f93015a885b023744e5644","Pini Cafe & Vino",3.9,"{cafe: 1, food: 1, point_of_interest: 1, establishment: 1}","cafe"
"200","Złota 8a, Warszawa, Poland",52.233269,21.0107443,"3b1ca9d25b3a22efc4be20e3948d9fdb4100a34a","Relax Cafe Bar",4.7,"{cafe: 1, bar: 1, food: 1, point_of_interest: 1, establishment: 1}","cafe"
"201","Słowackiego 15/19, 01-592 Warszawa, Poland",52.269654,20.979534,"bb0bbb3331ba5f552680f4e472e95fb443a30f0f","Secret Life Cafe",3.9,"{cafe: 1, food: 1, point_of_interest: 1, establishment: 1}","cafe"
"202","Franciszkańska 14, 00-214 Warszawa, Poland",52.2522056,21.0026243,"2274556f6181de5492fbdbe4631733872ea50d28","WakeCup Cafe",4.8,"{cafe: 1, food: 1, store: 1, point_of_interest: 1, establishment: 1}","cafe"
"203","Próżna 12, 00-107 Warszawa, Poland",52.2365755,21.0046833,"a63511b8dcd4fab99181c5c484a58fa38c921ecc","Cafe Próżna",3.7,"{cafe: 1, food: 1, point_of_interest: 1, establishment: 1}","cafe"
"204","Bracka 20, 00-001 Warszawa, Poland",52.2319729,21.016482,"818eb0a2c4017b90a7697ba383817bc623e4be5e","Miedzy Nami",4.3,"{cafe: 1, food: 1, point_of_interest: 1, establishment: 1}","cafe"
"205","Wielicka 43, 02-001 Warszawa, Poland",52.187444,21.021684,"8ba2fcda3d25d64bce6fd3c2b6dfeb04a473d0cd","Cafe Wielicka",4.3,"{cafe: 1, food: 1, point_of_interest: 1, establishment: 1}","cafe"
"206","lok. U31, Sokołowska 9, 01-142 Warszawa, Poland",52.2356452,20.9589394,"c3a6e4b341745bf4ce1d62413af22a37db81a640","Biocultura Cafe",4.2,"{cafe: 1, restaurant: 1, food: 1, point_of_interest: 1, establishment: 1}","cafe"
"207","Stefana Okrzei 35, 03-715 Warszawa, Poland",52.2517269,21.0362433,"bb496c441362bfe75f9ab031baf3867fc757d82a","Nostalgia Café",NA,"{cafe: 1, food: 1, point_of_interest: 1, establishment: 1}","cafe"
"208","aleja Niepodległości 80, 02-001 Warszawa, Poland",52.1963925,21.0139019,"9f5c641f259a12d7d317000138e3513246ec2b2b","Trattoria Mood Cafe",4.2,"{restaurant: 1, cafe: 1, food: 1, point_of_interest: 1, establishment: 1}","cafe"
"209","Oboźna 3, Warszawa, Poland",52.2394757,21.022768,"f7259ef33ba99875cba31cf829cd6a05c67035fd","Kawiarnia Kafka",4.3,"{cafe: 1, food: 1, point_of_interest: 1, establishment: 1}","cafe"
"210","Anielewicza 2, Warszawa, Poland",52.2494577,20.9976913,"b7a56cc553489d8766d3c530fd668d268281c93a","Paradox Cafe",4.4,"{cafe: 1, food: 1, point_of_interest: 1, establishment: 1}","cafe"
"211","Aleje Jerozolimskie 113/115, 02-017 Warszawa, Poland",52.2255716,20.9938002,"67c689be040df778b3f9f458626c7094c058290a","Cafe du Monde",4.4,"{cafe: 1, restaurant: 1, food: 1, store: 1, point_of_interest: 1, establishment: 1}","cafe"
"212","Ludwika Waryńskiego 28, 00-650 Warszawa, Poland",52.2208984,21.0159934,"46c49753739c4692b50ce1440e7960fac9c71f14","MiTo",4.4,"{cafe: 1, art_gallery: 1, book_store: 1, food: 1, store: 1, point_of_interest: 1, establishment: 1}","cafe"
"213","Nowy Świat 64, 00-357 Warszawa, Poland",52.2364147,21.0184016,"e88f919173495c9c8fd20dbd60d43e8cae7eead5","Kawiarnia i Piekarnia Café Vincent",3.6,"{cafe: 1, food: 1, point_of_interest: 1, establishment: 1}","cafe"
"214","Wilcza 11, 00-538 Warszawa, Poland",52.2257722,21.0200234,"f6cb77801a8b73f1d0915e353f0889cf11427536","Marrakesh Cafe",4.4,"{cafe: 1, restaurant: 1, food: 1, point_of_interest: 1, establishment: 1}","cafe"
"215","Górczewska 80, 01-401 Warszawa, Poland",52.239052,20.9479049,"188c34df168493cfe6920418713653d39d6c2005","ToZo Cafe",4.7,"{cafe: 1, food: 1, point_of_interest: 1, establishment: 1}","cafe"
"216","Juliana Ursyna Niemcewicza 3, Warszawa, Poland",52.2204761,20.9885493,"143fa4989642f6e0f88ec62d627103eacc167b93","Kawiarnia Filtry",4.5,"{cafe: 1, food: 1, point_of_interest: 1, establishment: 1}","cafe"
"217","Melchiora Wańkowicza 5, 02-796 Warszawa, Poland",52.1337139,21.06404,"b380b75417af4886b6a763ecb6fa00f1e1a1d311","Me Gusta Cafe",4.2,"{cafe: 1, bakery: 1, meal_takeaway: 1, restaurant: 1, food: 1, store: 1, point_of_interest: 1, establishment: 1}","cafe"
"218","Zakręt 8, 02-907 Warszawa, Poland",52.1896956,21.0687879,"edbef5893ae8e676f97e60f3bb30aebbb2c173a5","NABO Cafe",4.6,"{cafe: 1, restaurant: 1, food: 1, point_of_interest: 1, establishment: 1}","cafe"
"219","Mokotowska 19, Warszawa, Poland",52.2204595,21.0177784,"389852e0ebc7395550f93015a885b023744e5644","Pini Cafe & Vino",3.9,"{cafe: 1, food: 1, point_of_interest: 1, establishment: 1}","cafe"
"220","Złota 8a, Warszawa, Poland",52.233269,21.0107443,"3b1ca9d25b3a22efc4be20e3948d9fdb4100a34a","Relax Cafe Bar",4.7,"{cafe: 1, bar: 1, food: 1, point_of_interest: 1, establishment: 1}","cafe"
"221","Słowackiego 15/19, 01-592 Warszawa, Poland",52.269654,20.979534,"bb0bbb3331ba5f552680f4e472e95fb443a30f0f","Secret Life Cafe",3.9,"{cafe: 1, food: 1, point_of_interest: 1, establishment: 1}","cafe"
"222","Franciszkańska 14, 00-214 Warszawa, Poland",52.2522056,21.0026243,"2274556f6181de5492fbdbe4631733872ea50d28","WakeCup Cafe",4.8,"{cafe: 1, food: 1, store: 1, point_of_interest: 1, establishment: 1}","cafe"
"223","Próżna 12, 00-107 Warszawa, Poland",52.2365755,21.0046833,"a63511b8dcd4fab99181c5c484a58fa38c921ecc","Cafe Próżna",3.7,"{cafe: 1, food: 1, point_of_interest: 1, establishment: 1}","cafe"
"224","Bracka 20, 00-001 Warszawa, Poland",52.2319729,21.016482,"818eb0a2c4017b90a7697ba383817bc623e4be5e","Miedzy Nami",4.3,"{cafe: 1, food: 1, point_of_interest: 1, establishment: 1}","cafe"
"225","Wielicka 43, 02-001 Warszawa, Poland",52.187444,21.021684,"8ba2fcda3d25d64bce6fd3c2b6dfeb04a473d0cd","Cafe Wielicka",4.3,"{cafe: 1, food: 1, point_of_interest: 1, establishment: 1}","cafe"
"226","lok. U31, Sokołowska 9, 01-142 Warszawa, Poland",52.2356452,20.9589394,"c3a6e4b341745bf4ce1d62413af22a37db81a640","Biocultura Cafe",4.2,"{cafe: 1, restaurant: 1, food: 1, point_of_interest: 1, establishment: 1}","cafe"
"227","Stefana Okrzei 35, 03-715 Warszawa, Poland",52.2517269,21.0362433,"bb496c441362bfe75f9ab031baf3867fc757d82a","Nostalgia Café",NA,"{cafe: 1, food: 1, point_of_interest: 1, establishment: 1}","cafe"
"228","aleja Niepodległości 80, 02-001 Warszawa, Poland",52.1963925,21.0139019,"9f5c641f259a12d7d317000138e3513246ec2b2b","Trattoria Mood Cafe",4.2,"{restaurant: 1, cafe: 1, food: 1, point_of_interest: 1, establishment: 1}","cafe"
"229","Oboźna 3, Warszawa, Poland",52.2394757,21.022768,"f7259ef33ba99875cba31cf829cd6a05c67035fd","Kawiarnia Kafka",4.3,"{cafe: 1, food: 1, point_of_interest: 1, establishment: 1}","cafe"
"230","Anielewicza 2, Warszawa, Poland",52.2494577,20.9976913,"b7a56cc553489d8766d3c530fd668d268281c93a","Paradox Cafe",4.4,"{cafe: 1, food: 1, point_of_interest: 1, establishment: 1}","cafe"
"231","Aleje Jerozolimskie 113/115, 02-017 Warszawa, Poland",52.2255716,20.9938002,"67c689be040df778b3f9f458626c7094c058290a","Cafe du Monde",4.4,"{cafe: 1, restaurant: 1, food: 1, store: 1, point_of_interest: 1, establishment: 1}","cafe"
"232","Ludwika Waryńskiego 28, 00-650 Warszawa, Poland",52.2208984,21.0159934,"46c49753739c4692b50ce1440e7960fac9c71f14","MiTo",4.4,"{cafe: 1, art_gallery: 1, book_store: 1, food: 1, store: 1, point_of_interest: 1, establishment: 1}","cafe"
"233","Nowy Świat 64, 00-357 Warszawa, Poland",52.2364147,21.0184016,"e88f919173495c9c8fd20dbd60d43e8cae7eead5","Kawiarnia i Piekarnia Café Vincent",3.6,"{cafe: 1, food: 1, point_of_interest: 1, establishment: 1}","cafe"
"234","Wilcza 11, 00-538 Warszawa, Poland",52.2257722,21.0200234,"f6cb77801a8b73f1d0915e353f0889cf11427536","Marrakesh Cafe",4.4,"{cafe: 1, restaurant: 1, food: 1, point_of_interest: 1, establishment: 1}","cafe"
"235","Górczewska 80, 01-401 Warszawa, Poland",52.239052,20.9479049,"188c34df168493cfe6920418713653d39d6c2005","ToZo Cafe",4.7,"{cafe: 1, food: 1, point_of_interest: 1, establishment: 1}","cafe"
"236","Juliana Ursyna Niemcewicza 3, Warszawa, Poland",52.2204761,20.9885493,"143fa4989642f6e0f88ec62d627103eacc167b93","Kawiarnia Filtry",4.5,"{cafe: 1, food: 1, point_of_interest: 1, establishment: 1}","cafe"
"237","Melchiora Wańkowicza 5, 02-796 Warszawa, Poland",52.1337139,21.06404,"b380b75417af4886b6a763ecb6fa00f1e1a1d311","Me Gusta Cafe",4.2,"{cafe: 1, bakery: 1, meal_takeaway: 1, restaurant: 1, food: 1, store: 1, point_of_interest: 1, establishment: 1}","cafe"
"238","Zakręt 8, 02-907 Warszawa, Poland",52.1896956,21.0687879,"edbef5893ae8e676f97e60f3bb30aebbb2c173a5","NABO Cafe",4.6,"{cafe: 1, restaurant: 1, food: 1, point_of_interest: 1, establishment: 1}","cafe"
"239","Mokotowska 19, Warszawa, Poland",52.2204595,21.0177784,"389852e0ebc7395550f93015a885b023744e5644","Pini Cafe & Vino",3.9,"{cafe: 1, food: 1, point_of_interest: 1, establishment: 1}","cafe"
"240","Złota 8a, Warszawa, Poland",52.233269,21.0107443,"3b1ca9d25b3a22efc4be20e3948d9fdb4100a34a","Relax Cafe Bar",4.7,"{cafe: 1, bar: 1, food: 1, point_of_interest: 1, establishment: 1}","cafe"
"241","Słowackiego 15/19, 01-592 Warszawa, Poland",52.269654,20.979534,"bb0bbb3331ba5f552680f4e472e95fb443a30f0f","Secret Life Cafe",3.9,"{cafe: 1, food: 1, point_of_interest: 1, establishment: 1}","cafe"
"242","Franciszkańska 14, 00-214 Warszawa, Poland",52.2522056,21.0026243,"2274556f6181de5492fbdbe4631733872ea50d28","WakeCup Cafe",4.8,"{cafe: 1, food: 1, store: 1, point_of_interest: 1, establishment: 1}","cafe"
"243","Próżna 12, 00-107 Warszawa, Poland",52.2365755,21.0046833,"a63511b8dcd4fab99181c5c484a58fa38c921ecc","Cafe Próżna",3.7,"{cafe: 1, food: 1, point_of_interest: 1, establishment: 1}","cafe"
"244","Bracka 20, 00-001 Warszawa, Poland",52.2319729,21.016482,"818eb0a2c4017b90a7697ba383817bc623e4be5e","Miedzy Nami",4.3,"{cafe: 1, food: 1, point_of_interest: 1, establishment: 1}","cafe"
"245","Wielicka 43, 02-001 Warszawa, Poland",52.187444,21.021684,"8ba2fcda3d25d64bce6fd3c2b6dfeb04a473d0cd","Cafe Wielicka",4.3,"{cafe: 1, food: 1, point_of_interest: 1, establishment: 1}","cafe"
"246","lok. U31, Sokołowska 9, 01-142 Warszawa, Poland",52.2356452,20.9589394,"c3a6e4b341745bf4ce1d62413af22a37db81a640","Biocultura Cafe",4.2,"{cafe: 1, restaurant: 1, food: 1, point_of_interest: 1, establishment: 1}","cafe"
"247","Stefana Okrzei 35, 03-715 Warszawa, Poland",52.2517269,21.0362433,"bb496c441362bfe75f9ab031baf3867fc757d82a","Nostalgia Café",NA,"{cafe: 1, food: 1, point_of_interest: 1, establishment: 1}","cafe"
"248","aleja Niepodległości 80, 02-001 Warszawa, Poland",52.1963925,21.0139019,"9f5c641f259a12d7d317000138e3513246ec2b2b","Trattoria Mood Cafe",4.2,"{restaurant: 1, cafe: 1, food: 1, point_of_interest: 1, establishment: 1}","cafe"
"249","Oboźna 3, Warszawa, Poland",52.2394757,21.022768,"f7259ef33ba99875cba31cf829cd6a05c67035fd","Kawiarnia Kafka",4.3,"{cafe: 1, food: 1, point_of_interest: 1, establishment: 1}","cafe"
"250","Anielewicza 2, Warszawa, Poland",52.2494577,20.9976913,"b7a56cc553489d8766d3c530fd668d268281c93a","Paradox Cafe",4.4,"{cafe: 1, food: 1, point_of_interest: 1, establishment: 1}","cafe"
"251","Aleje Jerozolimskie 113/115, 02-017 Warszawa, Poland",52.2255716,20.9938002,"67c689be040df778b3f9f458626c7094c058290a","Cafe du Monde",4.4,"{cafe: 1, restaurant: 1, food: 1, store: 1, point_of_interest: 1, establishment: 1}","cafe"
"252","Ludwika Waryńskiego 28, 00-650 Warszawa, Poland",52.2208984,21.0159934,"46c49753739c4692b50ce1440e7960fac9c71f14","MiTo",4.4,"{cafe: 1, art_gallery: 1, book_store: 1, food: 1, store: 1, point_of_interest: 1, establishment: 1}","cafe"
"253","Nowy Świat 64, 00-357 Warszawa, Poland",52.2364147,21.0184016,"e88f919173495c9c8fd20dbd60d43e8cae7eead5","Kawiarnia i Piekarnia Café Vincent",3.6,"{cafe: 1, food: 1, point_of_interest: 1, establishment: 1}","cafe"
"254","Wilcza 11, 00-538 Warszawa, Poland",52.2257722,21.0200234,"f6cb77801a8b73f1d0915e353f0889cf11427536","Marrakesh Cafe",4.4,"{cafe: 1, restaurant: 1, food: 1, point_of_interest: 1, establishment: 1}","cafe"
"255","Górczewska 80, 01-401 Warszawa, Poland",52.239052,20.9479049,"188c34df168493cfe6920418713653d39d6c2005","ToZo Cafe",4.7,"{cafe: 1, food: 1, point_of_interest: 1, establishment: 1}","cafe"
"256","Juliana Ursyna Niemcewicza 3, Warszawa, Poland",52.2204761,20.9885493,"143fa4989642f6e0f88ec62d627103eacc167b93","Kawiarnia Filtry",4.5,"{cafe: 1, food: 1, point_of_interest: 1, establishment: 1}","cafe"
"257","Melchiora Wańkowicza 5, 02-796 Warszawa, Poland",52.1337139,21.06404,"b380b75417af4886b6a763ecb6fa00f1e1a1d311","Me Gusta Cafe",4.2,"{cafe: 1, bakery: 1, meal_takeaway: 1, restaurant: 1, food: 1, store: 1, point_of_interest: 1, establishment: 1}","cafe"
"258","Zakręt 8, 02-907 Warszawa, Poland",52.1896956,21.0687879,"edbef5893ae8e676f97e60f3bb30aebbb2c173a5","NABO Cafe",4.6,"{cafe: 1, restaurant: 1, food: 1, point_of_interest: 1, establishment: 1}","cafe"
"259","Mokotowska 19, Warszawa, Poland",52.2204595,21.0177784,"389852e0ebc7395550f93015a885b023744e5644","Pini Cafe & Vino",3.9,"{cafe: 1, food: 1, point_of_interest: 1, establishment: 1}","cafe"
"260","Złota 8a, Warszawa, Poland",52.233269,21.0107443,"3b1ca9d25b3a22efc4be20e3948d9fdb4100a34a","Relax Cafe Bar",4.7,"{cafe: 1, bar: 1, food: 1, point_of_interest: 1, establishment: 1}","cafe"
"261","Słowackiego 15/19, 01-592 Warszawa, Poland",52.269654,20.979534,"bb0bbb3331ba5f552680f4e472e95fb443a30f0f","Secret Life Cafe",3.9,"{cafe: 1, food: 1, point_of_interest: 1, establishment: 1}","cafe"
"262","Franciszkańska 14, 00-214 Warszawa, Poland",52.2522056,21.0026243,"2274556f6181de5492fbdbe4631733872ea50d28","WakeCup Cafe",4.8,"{cafe: 1, food: 1, store: 1, point_of_interest: 1, establishment: 1}","cafe"
"263","Próżna 12, 00-107 Warszawa, Poland",52.2365755,21.0046833,"a63511b8dcd4fab99181c5c484a58fa38c921ecc","Cafe Próżna",3.7,"{cafe: 1, food: 1, point_of_interest: 1, establishment: 1}","cafe"
"264","Bracka 20, 00-001 Warszawa, Poland",52.2319729,21.016482,"818eb0a2c4017b90a7697ba383817bc623e4be5e","Miedzy Nami",4.3,"{cafe: 1, food: 1, point_of_interest: 1, establishment: 1}","cafe"
"265","Wielicka 43, 02-001 Warszawa, Poland",52.187444,21.021684,"8ba2fcda3d25d64bce6fd3c2b6dfeb04a473d0cd","Cafe Wielicka",4.3,"{cafe: 1, food: 1, point_of_interest: 1, establishment: 1}","cafe"
"266","lok. U31, Sokołowska 9, 01-142 Warszawa, Poland",52.2356452,20.9589394,"c3a6e4b341745bf4ce1d62413af22a37db81a640","Biocultura Cafe",4.2,"{cafe: 1, restaurant: 1, food: 1, point_of_interest: 1, establishment: 1}","cafe"
"267","Stefana Okrzei 35, 03-715 Warszawa, Poland",52.2517269,21.0362433,"bb496c441362bfe75f9ab031baf3867fc757d82a","Nostalgia Café",NA,"{cafe: 1, food: 1, point_of_interest: 1, establishment: 1}","cafe"
"268","aleja Niepodległości 80, 02-001 Warszawa, Poland",52.1963925,21.0139019,"9f5c641f259a12d7d317000138e3513246ec2b2b","Trattoria Mood Cafe",4.2,"{restaurant: 1, cafe: 1, food: 1, point_of_interest: 1, establishment: 1}","cafe"
"269","Oboźna 3, Warszawa, Poland",52.2394757,21.022768,"f7259ef33ba99875cba31cf829cd6a05c67035fd","Kawiarnia Kafka",4.3,"{cafe: 1, food: 1, point_of_interest: 1, establishment: 1}","cafe"
"270","Anielewicza 2, Warszawa, Poland",52.2494577,20.9976913,"b7a56cc553489d8766d3c530fd668d268281c93a","Paradox Cafe",4.4,"{cafe: 1, food: 1, point_of_interest: 1, establishment: 1}","cafe"
"271","Aleje Jerozolimskie 113/115, 02-017 Warszawa, Poland",52.2255716,20.9938002,"67c689be040df778b3f9f458626c7094c058290a","Cafe du Monde",4.4,"{cafe: 1, restaurant: 1, food: 1, store: 1, point_of_interest: 1, establishment: 1}","cafe"
"272","Ludwika Waryńskiego 28, 00-650 Warszawa, Poland",52.2208984,21.0159934,"46c49753739c4692b50ce1440e7960fac9c71f14","MiTo",4.4,"{cafe: 1, art_gallery: 1, book_store: 1, food: 1, store: 1, point_of_interest: 1, establishment: 1}","cafe"
"273","Nowy Świat 64, 00-357 Warszawa, Poland",52.2364147,21.0184016,"e88f919173495c9c8fd20dbd60d43e8cae7eead5","Kawiarnia i Piekarnia Café Vincent",3.6,"{cafe: 1, food: 1, point_of_interest: 1, establishment: 1}","cafe"
"274","Wilcza 11, 00-538 Warszawa, Poland",52.2257722,21.0200234,"f6cb77801a8b73f1d0915e353f0889cf11427536","Marrakesh Cafe",4.4,"{cafe: 1, restaurant: 1, food: 1, point_of_interest: 1, establishment: 1}","cafe"
"275","Górczewska 80, 01-401 Warszawa, Poland",52.239052,20.9479049,"188c34df168493cfe6920418713653d39d6c2005","ToZo Cafe",4.7,"{cafe: 1, food: 1, point_of_interest: 1, establishment: 1}","cafe"
"276","Juliana Ursyna Niemcewicza 3, Warszawa, Poland",52.2204761,20.9885493,"143fa4989642f6e0f88ec62d627103eacc167b93","Kawiarnia Filtry",4.5,"{cafe: 1, food: 1, point_of_interest: 1, establishment: 1}","cafe"
"277","Melchiora Wańkowicza 5, 02-796 Warszawa, Poland",52.1337139,21.06404,"b380b75417af4886b6a763ecb6fa00f1e1a1d311","Me Gusta Cafe",4.2,"{cafe: 1, bakery: 1, meal_takeaway: 1, restaurant: 1, food: 1, store: 1, point_of_interest: 1, establishment: 1}","cafe"
"278","Zakręt 8, 02-907 Warszawa, Poland",52.1896956,21.0687879,"edbef5893ae8e676f97e60f3bb30aebbb2c173a5","NABO Cafe",4.6,"{cafe: 1, restaurant: 1, food: 1, point_of_interest: 1, establishment: 1}","cafe"
"279","Mokotowska 19, Warszawa, Poland",52.2204595,21.0177784,"389852e0ebc7395550f93015a885b023744e5644","Pini Cafe & Vino",3.9,"{cafe: 1, food: 1, point_of_interest: 1, establishment: 1}","cafe"
"280","Złota 8a, Warszawa, Poland",52.233269,21.0107443,"3b1ca9d25b3a22efc4be20e3948d9fdb4100a34a","Relax Cafe Bar",4.7,"{cafe: 1, bar: 1, food: 1, point_of_interest: 1, establishment: 1}","cafe"
"281","Słowackiego 15/19, 01-592 Warszawa, Poland",52.269654,20.979534,"bb0bbb3331ba5f552680f4e472e95fb443a30f0f","Secret Life Cafe",3.9,"{cafe: 1, food: 1, point_of_interest: 1, establishment: 1}","cafe"
"282","Franciszkańska 14, 00-214 Warszawa, Poland",52.2522056,21.0026243,"2274556f6181de5492fbdbe4631733872ea50d28","WakeCup Cafe",4.8,"{cafe: 1, food: 1, store: 1, point_of_interest: 1, establishment: 1}","cafe"
"283","Próżna 12, 00-107 Warszawa, Poland",52.2365755,21.0046833,"a63511b8dcd4fab99181c5c484a58fa38c921ecc","Cafe Próżna",3.7,"{cafe: 1, food: 1, point_of_interest: 1, establishment: 1}","cafe"
"284","Bracka 20, 00-001 Warszawa, Poland",52.2319729,21.016482,"818eb0a2c4017b90a7697ba383817bc623e4be5e","Miedzy Nami",4.3,"{cafe: 1, food: 1, point_of_interest: 1, establishment: 1}","cafe"
"285","Wielicka 43, 02-001 Warszawa, Poland",52.187444,21.021684,"8ba2fcda3d25d64bce6fd3c2b6dfeb04a473d0cd","Cafe Wielicka",4.3,"{cafe: 1, food: 1, point_of_interest: 1, establishment: 1}","cafe"
"286","lok. U31, Sokołowska 9, 01-142 Warszawa, Poland",52.2356452,20.9589394,"c3a6e4b341745bf4ce1d62413af22a37db81a640","Biocultura Cafe",4.2,"{cafe: 1, restaurant: 1, food: 1, point_of_interest: 1, establishment: 1}","cafe"
"287","Stefana Okrzei 35, 03-715 Warszawa, Poland",52.2517269,21.0362433,"bb496c441362bfe75f9ab031baf3867fc757d82a","Nostalgia Café",NA,"{cafe: 1, food: 1, point_of_interest: 1, establishment: 1}","cafe"
"288","aleja Niepodległości 80, 02-001 Warszawa, Poland",52.1963925,21.0139019,"9f5c641f259a12d7d317000138e3513246ec2b2b","Trattoria Mood Cafe",4.2,"{restaurant: 1, cafe: 1, food: 1, point_of_interest: 1, establishment: 1}","cafe"
"289","Oboźna 3, Warszawa, Poland",52.2394757,21.022768,"f7259ef33ba99875cba31cf829cd6a05c67035fd","Kawiarnia Kafka",4.3,"{cafe: 1, food: 1, point_of_interest: 1, establishment: 1}","cafe"
"290","Anielewicza 2, Warszawa, Poland",52.2494577,20.9976913,"b7a56cc553489d8766d3c530fd668d268281c93a","Paradox Cafe",4.4,"{cafe: 1, food: 1, point_of_interest: 1, establishment: 1}","cafe"
"291","Aleje Jerozolimskie 113/115, 02-017 Warszawa, Poland",52.2255716,20.9938002,"67c689be040df778b3f9f458626c7094c058290a","Cafe du Monde",4.4,"{cafe: 1, restaurant: 1, food: 1, store: 1, point_of_interest: 1, establishment: 1}","cafe"
"292","Ludwika Waryńskiego 28, 00-650 Warszawa, Poland",52.2208984,21.0159934,"46c49753739c4692b50ce1440e7960fac9c71f14","MiTo",4.4,"{cafe: 1, art_gallery: 1, book_store: 1, food: 1, store: 1, point_of_interest: 1, establishment: 1}","cafe"
"293","Nowy Świat 64, 00-357 Warszawa, Poland",52.2364147,21.0184016,"e88f919173495c9c8fd20dbd60d43e8cae7eead5","Kawiarnia i Piekarnia Café Vincent",3.6,"{cafe: 1, food: 1, point_of_interest: 1, establishment: 1}","cafe"
"294","Wilcza 11, 00-538 Warszawa, Poland",52.2257722,21.0200234,"f6cb77801a8b73f1d0915e353f0889cf11427536","Marrakesh Cafe",4.4,"{cafe: 1, restaurant: 1, food: 1, point_of_interest: 1, establishment: 1}","cafe"
"295","Górczewska 80, 01-401 Warszawa, Poland",52.239052,20.9479049,"188c34df168493cfe6920418713653d39d6c2005","ToZo Cafe",4.7,"{cafe: 1, food: 1, point_of_interest: 1, establishment: 1}","cafe"
"296","Juliana Ursyna Niemcewicza 3, Warszawa, Poland",52.2204761,20.9885493,"143fa4989642f6e0f88ec62d627103eacc167b93","Kawiarnia Filtry",4.5,"{cafe: 1, food: 1, point_of_interest: 1, establishment: 1}","cafe"
"297","Melchiora Wańkowicza 5, 02-796 Warszawa, Poland",52.1337139,21.06404,"b380b75417af4886b6a763ecb6fa00f1e1a1d311","Me Gusta Cafe",4.2,"{cafe: 1, bakery: 1, meal_takeaway: 1, restaurant: 1, food: 1, store: 1, point_of_interest: 1, establishment: 1}","cafe"
"298","Zakręt 8, 02-907 Warszawa, Poland",52.1896956,21.0687879,"edbef5893ae8e676f97e60f3bb30aebbb2c173a5","NABO Cafe",4.6,"{cafe: 1, restaurant: 1, food: 1, point_of_interest: 1, establishment: 1}","cafe"
"299","Mokotowska 19, Warszawa, Poland",52.2204595,21.0177784,"389852e0ebc7395550f93015a885b023744e5644","Pini Cafe & Vino",3.9,"{cafe: 1, food: 1, point_of_interest: 1, establishment: 1}","cafe"
"300","Złota 8a, Warszawa, Poland",52.233269,21.0107443,"3b1ca9d25b3a22efc4be20e3948d9fdb4100a34a","Relax Cafe Bar",4.7,"{cafe: 1, bar: 1, food: 1, point_of_interest: 1, establishment: 1}","cafe"
"301","Słowackiego 15/19, 01-592 Warszawa, Poland",52.269654,20.979534,"bb0bbb3331ba5f552680f4e472e95fb443a30f0f","Secret Life Cafe",3.9,"{cafe: 1, food: 1, point_of_interest: 1, establishment: 1}","cafe"
"302","Franciszkańska 14, 00-214 Warszawa, Poland",52.2522056,21.0026243,"2274556f6181de5492fbdbe4631733872ea50d28","WakeCup Cafe",4.8,"{cafe: 1, food: 1, store: 1, point_of_interest: 1, establishment: 1}","cafe"
"303","Próżna 12, 00-107 Warszawa, Poland",52.2365755,21.0046833,"a63511b8dcd4fab99181c5c484a58fa38c921ecc","Cafe Próżna",3.7,"{cafe: 1, food: 1, point_of_interest: 1, establishment: 1}","cafe"
"304","Bracka 20, 00-001 Warszawa, Poland",52.2319729,21.016482,"818eb0a2c4017b90a7697ba383817bc623e4be5e","Miedzy Nami",4.3,"{cafe: 1, food: 1, point_of_interest: 1, establishment: 1}","cafe"
"305","Wielicka 43, 02-001 Warszawa, Poland",52.187444,21.021684,"8ba2fcda3d25d64bce6fd3c2b6dfeb04a473d0cd","Cafe Wielicka",4.3,"{cafe: 1, food: 1, point_of_interest: 1, establishment: 1}","cafe"
"306","lok. U31, Sokołowska 9, 01-142 Warszawa, Poland",52.2356452,20.9589394,"c3a6e4b341745bf4ce1d62413af22a37db81a640","Biocultura Cafe",4.2,"{cafe: 1, restaurant: 1, food: 1, point_of_interest: 1, establishment: 1}","cafe"
"307","Stefana Okrzei 35, 03-715 Warszawa, Poland",52.2517269,21.0362433,"bb496c441362bfe75f9ab031baf3867fc757d82a","Nostalgia Café",NA,"{cafe: 1, food: 1, point_of_interest: 1, establishment: 1}","cafe"
"308","aleja Niepodległości 80, 02-001 Warszawa, Poland",52.1963925,21.0139019,"9f5c641f259a12d7d317000138e3513246ec2b2b","Trattoria Mood Cafe",4.2,"{restaurant: 1, cafe: 1, food: 1, point_of_interest: 1, establishment: 1}","cafe"
"309","Oboźna 3, Warszawa, Poland",52.2394757,21.022768,"f7259ef33ba99875cba31cf829cd6a05c67035fd","Kawiarnia Kafka",4.3,"{cafe: 1, food: 1, point_of_interest: 1, establishment: 1}","cafe"
"310","Anielewicza 2, Warszawa, Poland",52.2494577,20.9976913,"b7a56cc553489d8766d3c530fd668d268281c93a","Paradox Cafe",4.4,"{cafe: 1, food: 1, point_of_interest: 1, establishment: 1}","cafe"
"311","Aleje Jerozolimskie 113/115, 02-017 Warszawa, Poland",52.2255716,20.9938002,"67c689be040df778b3f9f458626c7094c058290a","Cafe du Monde",4.4,"{cafe: 1, restaurant: 1, food: 1, store: 1, point_of_interest: 1, establishment: 1}","cafe"
"312","Ludwika Waryńskiego 28, 00-650 Warszawa, Poland",52.2208984,21.0159934,"46c49753739c4692b50ce1440e7960fac9c71f14","MiTo",4.4,"{cafe: 1, art_gallery: 1, book_store: 1, food: 1, store: 1, point_of_interest: 1, establishment: 1}","cafe"
"313","Nowy Świat 64, 00-357 Warszawa, Poland",52.2364147,21.0184016,"e88f919173495c9c8fd20dbd60d43e8cae7eead5","Kawiarnia i Piekarnia Café Vincent",3.6,"{cafe: 1, food: 1, point_of_interest: 1, establishment: 1}","cafe"
"314","Wilcza 11, 00-538 Warszawa, Poland",52.2257722,21.0200234,"f6cb77801a8b73f1d0915e353f0889cf11427536","Marrakesh Cafe",4.4,"{cafe: 1, restaurant: 1, food: 1, point_of_interest: 1, establishment: 1}","cafe"
"315","Górczewska 80, 01-401 Warszawa, Poland",52.239052,20.9479049,"188c34df168493cfe6920418713653d39d6c2005","ToZo Cafe",4.7,"{cafe: 1, food: 1, point_of_interest: 1, establishment: 1}","cafe"
"316","Juliana Ursyna Niemcewicza 3, Warszawa, Poland",52.2204761,20.9885493,"143fa4989642f6e0f88ec62d627103eacc167b93","Kawiarnia Filtry",4.5,"{cafe: 1, food: 1, point_of_interest: 1, establishment: 1}","cafe"
"317","Melchiora Wańkowicza 5, 02-796 Warszawa, Poland",52.1337139,21.06404,"b380b75417af4886b6a763ecb6fa00f1e1a1d311","Me Gusta Cafe",4.2,"{cafe: 1, bakery: 1, meal_takeaway: 1, restaurant: 1, food: 1, store: 1, point_of_interest: 1, establishment: 1}","cafe"
"318","Zakręt 8, 02-907 Warszawa, Poland",52.1896956,21.0687879,"edbef5893ae8e676f97e60f3bb30aebbb2c173a5","NABO Cafe",4.6,"{cafe: 1, restaurant: 1, food: 1, point_of_interest: 1, establishment: 1}","cafe"
"319","Mokotowska 19, Warszawa, Poland",52.2204595,21.0177784,"389852e0ebc7395550f93015a885b023744e5644","Pini Cafe & Vino",3.9,"{cafe: 1, food: 1, point_of_interest: 1, establishment: 1}","cafe"
"320","Złota 8a, Warszawa, Poland",52.233269,21.0107443,"3b1ca9d25b3a22efc4be20e3948d9fdb4100a34a","Relax Cafe Bar",4.7,"{cafe: 1, bar: 1, food: 1, point_of_interest: 1, establishment: 1}","cafe"
"321","Słowackiego 15/19, 01-592 Warszawa, Poland",52.269654,20.979534,"bb0bbb3331ba5f552680f4e472e95fb443a30f0f","Secret Life Cafe",3.9,"{cafe: 1, food: 1, point_of_interest: 1, establishment: 1}","cafe"
"322","Franciszkańska 14, 00-214 Warszawa, Poland",52.2522056,21.0026243,"2274556f6181de5492fbdbe4631733872ea50d28","WakeCup Cafe",4.8,"{cafe: 1, food: 1, store: 1, point_of_interest: 1, establishment: 1}","cafe"
"323","Próżna 12, 00-107 Warszawa, Poland",52.2365755,21.0046833,"a63511b8dcd4fab99181c5c484a58fa38c921ecc","Cafe Próżna",3.7,"{cafe: 1, food: 1, point_of_interest: 1, establishment: 1}","cafe"
"324","Bracka 20, 00-001 Warszawa, Poland",52.2319729,21.016482,"818eb0a2c4017b90a7697ba383817bc623e4be5e","Miedzy Nami",4.3,"{cafe: 1, food: 1, point_of_interest: 1, establishment: 1}","cafe"
"325","Wielicka 43, 02-001 Warszawa, Poland",52.187444,21.021684,"8ba2fcda3d25d64bce6fd3c2b6dfeb04a473d0cd","Cafe Wielicka",4.3,"{cafe: 1, food: 1, point_of_interest: 1, establishment: 1}","cafe"
"326","lok. U31, Sokołowska 9, 01-142 Warszawa, Poland",52.2356452,20.9589394,"c3a6e4b341745bf4ce1d62413af22a37db81a640","Biocultura Cafe",4.2,"{cafe: 1, restaurant: 1, food: 1, point_of_interest: 1, establishment: 1}","cafe"
"327","Stefana Okrzei 35, 03-715 Warszawa, Poland",52.2517269,21.0362433,"bb496c441362bfe75f9ab031baf3867fc757d82a","Nostalgia Café",NA,"{cafe: 1, food: 1, point_of_interest: 1, establishment: 1}","cafe"
"328","aleja Niepodległości 80, 02-001 Warszawa, Poland",52.1963925,21.0139019,"9f5c641f259a12d7d317000138e3513246ec2b2b","Trattoria Mood Cafe",4.2,"{restaurant: 1, cafe: 1, food: 1, point_of_interest: 1, establishment: 1}","cafe"
"329","Oboźna 3, Warszawa, Poland",52.2394757,21.022768,"f7259ef33ba99875cba31cf829cd6a05c67035fd","Kawiarnia Kafka",4.3,"{cafe: 1, food: 1, point_of_interest: 1, establishment: 1}","cafe"
"330","Anielewicza 2, Warszawa, Poland",52.2494577,20.9976913,"b7a56cc553489d8766d3c530fd668d268281c93a","Paradox Cafe",4.4,"{cafe: 1, food: 1, point_of_interest: 1, establishment: 1}","cafe"
"331","Aleje Jerozolimskie 113/115, 02-017 Warszawa, Poland",52.2255716,20.9938002,"67c689be040df778b3f9f458626c7094c058290a","Cafe du Monde",4.4,"{cafe: 1, restaurant: 1, food: 1, store: 1, point_of_interest: 1, establishment: 1}","cafe"
"332","Ludwika Waryńskiego 28, 00-650 Warszawa, Poland",52.2208984,21.0159934,"46c49753739c4692b50ce1440e7960fac9c71f14","MiTo",4.4,"{cafe: 1, art_gallery: 1, book_store: 1, food: 1, store: 1, point_of_interest: 1, establishment: 1}","cafe"
"333","Nowy Świat 64, 00-357 Warszawa, Poland",52.2364147,21.0184016,"e88f919173495c9c8fd20dbd60d43e8cae7eead5","Kawiarnia i Piekarnia Café Vincent",3.6,"{cafe: 1, food: 1, point_of_interest: 1, establishment: 1}","cafe"
"334","Wilcza 11, 00-538 Warszawa, Poland",52.2257722,21.0200234,"f6cb77801a8b73f1d0915e353f0889cf11427536","Marrakesh Cafe",4.4,"{cafe: 1, restaurant: 1, food: 1, point_of_interest: 1, establishment: 1}","cafe"
"335","Górczewska 80, 01-401 Warszawa, Poland",52.239052,20.9479049,"188c34df168493cfe6920418713653d39d6c2005","ToZo Cafe",4.7,"{cafe: 1, food: 1, point_of_interest: 1, establishment: 1}","cafe"
"336","Juliana Ursyna Niemcewicza 3, Warszawa, Poland",52.2204761,20.9885493,"143fa4989642f6e0f88ec62d627103eacc167b93","Kawiarnia Filtry",4.5,"{cafe: 1, food: 1, point_of_interest: 1, establishment: 1}","cafe"
"337","Melchiora Wańkowicza 5, 02-796 Warszawa, Poland",52.1337139,21.06404,"b380b75417af4886b6a763ecb6fa00f1e1a1d311","Me Gusta Cafe",4.2,"{cafe: 1, bakery: 1, meal_takeaway: 1, restaurant: 1, food: 1, store: 1, point_of_interest: 1, establishment: 1}","cafe"
"338","Zakręt 8, 02-907 Warszawa, Poland",52.1896956,21.0687879,"edbef5893ae8e676f97e60f3bb30aebbb2c173a5","NABO Cafe",4.6,"{cafe: 1, restaurant: 1, food: 1, point_of_interest: 1, establishment: 1}","cafe"
"339","Mokotowska 19, Warszawa, Poland",52.2204595,21.0177784,"389852e0ebc7395550f93015a885b023744e5644","Pini Cafe & Vino",3.9,"{cafe: 1, food: 1, point_of_interest: 1, establishment: 1}","cafe"
"340","Złota 8a, Warszawa, Poland",52.233269,21.0107443,"3b1ca9d25b3a22efc4be20e3948d9fdb4100a34a","Relax Cafe Bar",4.7,"{cafe: 1, bar: 1, food: 1, point_of_interest: 1, establishment: 1}","cafe"
"341","Słowackiego 15/19, 01-592 Warszawa, Poland",52.269654,20.979534,"bb0bbb3331ba5f552680f4e472e95fb443a30f0f","Secret Life Cafe",3.9,"{cafe: 1, food: 1, point_of_interest: 1, establishment: 1}","cafe"
"342","Franciszkańska 14, 00-214 Warszawa, Poland",52.2522056,21.0026243,"2274556f6181de5492fbdbe4631733872ea50d28","WakeCup Cafe",4.8,"{cafe: 1, food: 1, store: 1, point_of_interest: 1, establishment: 1}","cafe"
"343","Próżna 12, 00-107 Warszawa, Poland",52.2365755,21.0046833,"a63511b8dcd4fab99181c5c484a58fa38c921ecc","Cafe Próżna",3.7,"{cafe: 1, food: 1, point_of_interest: 1, establishment: 1}","cafe"
"344","Bracka 20, 00-001 Warszawa, Poland",52.2319729,21.016482,"818eb0a2c4017b90a7697ba383817bc623e4be5e","Miedzy Nami",4.3,"{cafe: 1, food: 1, point_of_interest: 1, establishment: 1}","cafe"
"345","Wielicka 43, 02-001 Warszawa, Poland",52.187444,21.021684,"8ba2fcda3d25d64bce6fd3c2b6dfeb04a473d0cd","Cafe Wielicka",4.3,"{cafe: 1, food: 1, point_of_interest: 1, establishment: 1}","cafe"
"346","lok. U31, Sokołowska 9, 01-142 Warszawa, Poland",52.2356452,20.9589394,"c3a6e4b341745bf4ce1d62413af22a37db81a640","Biocultura Cafe",4.2,"{cafe: 1, restaurant: 1, food: 1, point_of_interest: 1, establishment: 1}","cafe"
"347","Stefana Okrzei 35, 03-715 Warszawa, Poland",52.2517269,21.0362433,"bb496c441362bfe75f9ab031baf3867fc757d82a","Nostalgia Café",NA,"{cafe: 1, food: 1, point_of_interest: 1, establishment: 1}","cafe"
"348","aleja Niepodległości 80, 02-001 Warszawa, Poland",52.1963925,21.0139019,"9f5c641f259a12d7d317000138e3513246ec2b2b","Trattoria Mood Cafe",4.2,"{restaurant: 1, cafe: 1, food: 1, point_of_interest: 1, establishment: 1}","cafe"
"349","Oboźna 3, Warszawa, Poland",52.2394757,21.022768,"f7259ef33ba99875cba31cf829cd6a05c67035fd","Kawiarnia Kafka",4.3,"{cafe: 1, food: 1, point_of_interest: 1, establishment: 1}","cafe"
"350","Anielewicza 2, Warszawa, Poland",52.2494577,20.9976913,"b7a56cc553489d8766d3c530fd668d268281c93a","Paradox Cafe",4.4,"{cafe: 1, food: 1, point_of_interest: 1, establishment: 1}","cafe"
"351","Aleje Jerozolimskie 113/115, 02-017 Warszawa, Poland",52.2255716,20.9938002,"67c689be040df778b3f9f458626c7094c058290a","Cafe du Monde",4.4,"{cafe: 1, restaurant: 1, food: 1, store: 1, point_of_interest: 1, establishment: 1}","cafe"
"352","Ludwika Waryńskiego 28, 00-650 Warszawa, Poland",52.2208984,21.0159934,"46c49753739c4692b50ce1440e7960fac9c71f14","MiTo",4.4,"{cafe: 1, art_gallery: 1, book_store: 1, food: 1, store: 1, point_of_interest: 1, establishment: 1}","cafe"
"353","Nowy Świat 64, 00-357 Warszawa, Poland",52.2364147,21.0184016,"e88f919173495c9c8fd20dbd60d43e8cae7eead5","Kawiarnia i Piekarnia Café Vincent",3.6,"{cafe: 1, food: 1, point_of_interest: 1, establishment: 1}","cafe"
"354","Wilcza 11, 00-538 Warszawa, Poland",52.2257722,21.0200234,"f6cb77801a8b73f1d0915e353f0889cf11427536","Marrakesh Cafe",4.4,"{cafe: 1, restaurant: 1, food: 1, point_of_interest: 1, establishment: 1}","cafe"
"355","Górczewska 80, 01-401 Warszawa, Poland",52.239052,20.9479049,"188c34df168493cfe6920418713653d39d6c2005","ToZo Cafe",4.7,"{cafe: 1, food: 1, point_of_interest: 1, establishment: 1}","cafe"
"356","Juliana Ursyna Niemcewicza 3, Warszawa, Poland",52.2204761,20.9885493,"143fa4989642f6e0f88ec62d627103eacc167b93","Kawiarnia Filtry",4.5,"{cafe: 1, food: 1, point_of_interest: 1, establishment: 1}","cafe"
"357","Melchiora Wańkowicza 5, 02-796 Warszawa, Poland",52.1337139,21.06404,"b380b75417af4886b6a763ecb6fa00f1e1a1d311","Me Gusta Cafe",4.2,"{cafe: 1, bakery: 1, meal_takeaway: 1, restaurant: 1, food: 1, store: 1, point_of_interest: 1, establishment: 1}","cafe"
"358","Zakręt 8, 02-907 Warszawa, Poland",52.1896956,21.0687879,"edbef5893ae8e676f97e60f3bb30aebbb2c173a5","NABO Cafe",4.6,"{cafe: 1, restaurant: 1, food: 1, point_of_interest: 1, establishment: 1}","cafe"
"359","Mokotowska 19, Warszawa, Poland",52.2204595,21.0177784,"389852e0ebc7395550f93015a885b023744e5644","Pini Cafe & Vino",3.9,"{cafe: 1, food: 1, point_of_interest: 1, establishment: 1}","cafe"
"360","Złota 8a, Warszawa, Poland",52.233269,21.0107443,"3b1ca9d25b3a22efc4be20e3948d9fdb4100a34a","Relax Cafe Bar",4.7,"{cafe: 1, bar: 1, food: 1, point_of_interest: 1, establishment: 1}","cafe"
"361","Słowackiego 15/19, 01-592 Warszawa, Poland",52.269654,20.979534,"bb0bbb3331ba5f552680f4e472e95fb443a30f0f","Secret Life Cafe",3.9,"{cafe: 1, food: 1, point_of_interest: 1, establishment: 1}","cafe"
"362","Franciszkańska 14, 00-214 Warszawa, Poland",52.2522056,21.0026243,"2274556f6181de5492fbdbe4631733872ea50d28","WakeCup Cafe",4.8,"{cafe: 1, food: 1, store: 1, point_of_interest: 1, establishment: 1}","cafe"
"363","Próżna 12, 00-107 Warszawa, Poland",52.2365755,21.0046833,"a63511b8dcd4fab99181c5c484a58fa38c921ecc","Cafe Próżna",3.7,"{cafe: 1, food: 1, point_of_interest: 1, establishment: 1}","cafe"
"364","Bracka 20, 00-001 Warszawa, Poland",52.2319729,21.016482,"818eb0a2c4017b90a7697ba383817bc623e4be5e","Miedzy Nami",4.3,"{cafe: 1, food: 1, point_of_interest: 1, establishment: 1}","cafe"
"365","Wielicka 43, 02-001 Warszawa, Poland",52.187444,21.021684,"8ba2fcda3d25d64bce6fd3c2b6dfeb04a473d0cd","Cafe Wielicka",4.3,"{cafe: 1, food: 1, point_of_interest: 1, establishment: 1}","cafe"
"366","lok. U31, Sokołowska 9, 01-142 Warszawa, Poland",52.2356452,20.9589394,"c3a6e4b341745bf4ce1d62413af22a37db81a640","Biocultura Cafe",4.2,"{cafe: 1, restaurant: 1, food: 1, point_of_interest: 1, establishment: 1}","cafe"
"367","Stefana Okrzei 35, 03-715 Warszawa, Poland",52.2517269,21.0362433,"bb496c441362bfe75f9ab031baf3867fc757d82a","Nostalgia Café",NA,"{cafe: 1, food: 1, point_of_interest: 1, establishment: 1}","cafe"
"368","aleja Niepodległości 80, 02-001 Warszawa, Poland",52.1963925,21.0139019,"9f5c641f259a12d7d317000138e3513246ec2b2b","Trattoria Mood Cafe",4.2,"{restaurant: 1, cafe: 1, food: 1, point_of_interest: 1, establishment: 1}","cafe"
"369","Oboźna 3, Warszawa, Poland",52.2394757,21.022768,"f7259ef33ba99875cba31cf829cd6a05c67035fd","Kawiarnia Kafka",4.3,"{cafe: 1, food: 1, point_of_interest: 1, establishment: 1}","cafe"
"370","Anielewicza 2, Warszawa, Poland",52.2494577,20.9976913,"b7a56cc553489d8766d3c530fd668d268281c93a","Paradox Cafe",4.4,"{cafe: 1, food: 1, point_of_interest: 1, establishment: 1}","cafe"
"371","Aleje Jerozolimskie 113/115, 02-017 Warszawa, Poland",52.2255716,20.9938002,"67c689be040df778b3f9f458626c7094c058290a","Cafe du Monde",4.4,"{cafe: 1, restaurant: 1, food: 1, store: 1, point_of_interest: 1, establishment: 1}","cafe"
"372","Ludwika Waryńskiego 28, 00-650 Warszawa, Poland",52.2208984,21.0159934,"46c49753739c4692b50ce1440e7960fac9c71f14","MiTo",4.4,"{cafe: 1, art_gallery: 1, book_store: 1, food: 1, store: 1, point_of_interest: 1, establishment: 1}","cafe"
"373","Nowy Świat 64, 00-357 Warszawa, Poland",52.2364147,21.0184016,"e88f919173495c9c8fd20dbd60d43e8cae7eead5","Kawiarnia i Piekarnia Café Vincent",3.6,"{cafe: 1, food: 1, point_of_interest: 1, establishment: 1}","cafe"
"374","Wilcza 11, 00-538 Warszawa, Poland",52.2257722,21.0200234,"f6cb77801a8b73f1d0915e353f0889cf11427536","Marrakesh Cafe",4.4,"{cafe: 1, restaurant: 1, food: 1, point_of_interest: 1, establishment: 1}","cafe"
"375","Górczewska 80, 01-401 Warszawa, Poland",52.239052,20.9479049,"188c34df168493cfe6920418713653d39d6c2005","ToZo Cafe",4.7,"{cafe: 1, food: 1, point_of_interest: 1, establishment: 1}","cafe"
"376","Juliana Ursyna Niemcewicza 3, Warszawa, Poland",52.2204761,20.9885493,"143fa4989642f6e0f88ec62d627103eacc167b93","Kawiarnia Filtry",4.5,"{cafe: 1, food: 1, point_of_interest: 1, establishment: 1}","cafe"
"377","Melchiora Wańkowicza 5, 02-796 Warszawa, Poland",52.1337139,21.06404,"b380b75417af4886b6a763ecb6fa00f1e1a1d311","Me Gusta Cafe",4.2,"{cafe: 1, bakery: 1, meal_takeaway: 1, restaurant: 1, food: 1, store: 1, point_of_interest: 1, establishment: 1}","cafe"
"378","Zakręt 8, 02-907 Warszawa, Poland",52.1896956,21.0687879,"edbef5893ae8e676f97e60f3bb30aebbb2c173a5","NABO Cafe",4.6,"{cafe: 1, restaurant: 1, food: 1, point_of_interest: 1, establishment: 1}","cafe"
"379","Mokotowska 19, Warszawa, Poland",52.2204595,21.0177784,"389852e0ebc7395550f93015a885b023744e5644","Pini Cafe & Vino",3.9,"{cafe: 1, food: 1, point_of_interest: 1, establishment: 1}","cafe"
"380","Złota 8a, Warszawa, Poland",52.233269,21.0107443,"3b1ca9d25b3a22efc4be20e3948d9fdb4100a34a","Relax Cafe Bar",4.7,"{cafe: 1, bar: 1, food: 1, point_of_interest: 1, establishment: 1}","cafe"
"381","Słowackiego 15/19, 01-592 Warszawa, Poland",52.269654,20.979534,"bb0bbb3331ba5f552680f4e472e95fb443a30f0f","Secret Life Cafe",3.9,"{cafe: 1, food: 1, point_of_interest: 1, establishment: 1}","cafe"
"382","Franciszkańska 14, 00-214 Warszawa, Poland",52.2522056,21.0026243,"2274556f6181de5492fbdbe4631733872ea50d28","WakeCup Cafe",4.8,"{cafe: 1, food: 1, store: 1, point_of_interest: 1, establishment: 1}","cafe"
"383","Próżna 12, 00-107 Warszawa, Poland",52.2365755,21.0046833,"a63511b8dcd4fab99181c5c484a58fa38c921ecc","Cafe Próżna",3.7,"{cafe: 1, food: 1, point_of_interest: 1, establishment: 1}","cafe"
"384","Bracka 20, 00-001 Warszawa, Poland",52.2319729,21.016482,"818eb0a2c4017b90a7697ba383817bc623e4be5e","Miedzy Nami",4.3,"{cafe: 1, food: 1, point_of_interest: 1, establishment: 1}","cafe"
"385","Wielicka 43, 02-001 Warszawa, Poland",52.187444,21.021684,"8ba2fcda3d25d64bce6fd3c2b6dfeb04a473d0cd","Cafe Wielicka",4.3,"{cafe: 1, food: 1, point_of_interest: 1, establishment: 1}","cafe"
"386","lok. U31, Sokołowska 9, 01-142 Warszawa, Poland",52.2356452,20.9589394,"c3a6e4b341745bf4ce1d62413af22a37db81a640","Biocultura Cafe",4.2,"{cafe: 1, restaurant: 1, food: 1, point_of_interest: 1, establishment: 1}","cafe"
"387","Stefana Okrzei 35, 03-715 Warszawa, Poland",52.2517269,21.0362433,"bb496c441362bfe75f9ab031baf3867fc757d82a","Nostalgia Café",NA,"{cafe: 1, food: 1, point_of_interest: 1, establishment: 1}","cafe"
"388","aleja Niepodległości 80, 02-001 Warszawa, Poland",52.1963925,21.0139019,"9f5c641f259a12d7d317000138e3513246ec2b2b","Trattoria Mood Cafe",4.2,"{restaurant: 1, cafe: 1, food: 1, point_of_interest: 1, establishment: 1}","cafe"
"389","Oboźna 3, Warszawa, Poland",52.2394757,21.022768,"f7259ef33ba99875cba31cf829cd6a05c67035fd","Kawiarnia Kafka",4.3,"{cafe: 1, food: 1, point_of_interest: 1, establishment: 1}","cafe"
"390","Anielewicza 2, Warszawa, Poland",52.2494577,20.9976913,"b7a56cc553489d8766d3c530fd668d268281c93a","Paradox Cafe",4.4,"{cafe: 1, food: 1, point_of_interest: 1, establishment: 1}","cafe"
"391","Aleje Jerozolimskie 113/115, 02-017 Warszawa, Poland",52.2255716,20.9938002,"67c689be040df778b3f9f458626c7094c058290a","Cafe du Monde",4.4,"{cafe: 1, restaurant: 1, food: 1, store: 1, point_of_interest: 1, establishment: 1}","cafe"
"392","Ludwika Waryńskiego 28, 00-650 Warszawa, Poland",52.2208984,21.0159934,"46c49753739c4692b50ce1440e7960fac9c71f14","MiTo",4.4,"{cafe: 1, art_gallery: 1, book_store: 1, food: 1, store: 1, point_of_interest: 1, establishment: 1}","cafe"
"393","Nowy Świat 64, 00-357 Warszawa, Poland",52.2364147,21.0184016,"e88f919173495c9c8fd20dbd60d43e8cae7eead5","Kawiarnia i Piekarnia Café Vincent",3.6,"{cafe: 1, food: 1, point_of_interest: 1, establishment: 1}","cafe"
"394","Wilcza 11, 00-538 Warszawa, Poland",52.2257722,21.0200234,"f6cb77801a8b73f1d0915e353f0889cf11427536","Marrakesh Cafe",4.4,"{cafe: 1, restaurant: 1, food: 1, point_of_interest: 1, establishment: 1}","cafe"
"395","Górczewska 80, 01-401 Warszawa, Poland",52.239052,20.9479049,"188c34df168493cfe6920418713653d39d6c2005","ToZo Cafe",4.7,"{cafe: 1, food: 1, point_of_interest: 1, establishment: 1}","cafe"
"396","Juliana Ursyna Niemcewicza 3, Warszawa, Poland",52.2204761,20.9885493,"143fa4989642f6e0f88ec62d627103eacc167b93","Kawiarnia Filtry",4.5,"{cafe: 1, food: 1, point_of_interest: 1, establishment: 1}","cafe"
"397","Melchiora Wańkowicza 5, 02-796 Warszawa, Poland",52.1337139,21.06404,"b380b75417af4886b6a763ecb6fa00f1e1a1d311","Me Gusta Cafe",4.2,"{cafe: 1, bakery: 1, meal_takeaway: 1, restaurant: 1, food: 1, store: 1, point_of_interest: 1, establishment: 1}","cafe"
"398","Zakręt 8, 02-907 Warszawa, Poland",52.1896956,21.0687879,"edbef5893ae8e676f97e60f3bb30aebbb2c173a5","NABO Cafe",4.6,"{cafe: 1, restaurant: 1, food: 1, point_of_interest: 1, establishment: 1}","cafe"
"399","Mokotowska 19, Warszawa, Poland",52.2204595,21.0177784,"389852e0ebc7395550f93015a885b023744e5644","Pini Cafe & Vino",3.9,"{cafe: 1, food: 1, point_of_interest: 1, establishment: 1}","cafe"
"400","Złota 8a, Warszawa, Poland",52.233269,21.0107443,"3b1ca9d25b3a22efc4be20e3948d9fdb4100a34a","Relax Cafe Bar",4.7,"{cafe: 1, bar: 1, food: 1, point_of_interest: 1, establishment: 1}","cafe"
"401","Słowackiego 15/19, 01-592 Warszawa, Poland",52.269654,20.979534,"bb0bbb3331ba5f552680f4e472e95fb443a30f0f","Secret Life Cafe",3.9,"{cafe: 1, food: 1, point_of_interest: 1, establishment: 1}","cafe"
"402","Franciszkańska 14, 00-214 Warszawa, Poland",52.2522056,21.0026243,"2274556f6181de5492fbdbe4631733872ea50d28","WakeCup Cafe",4.8,"{cafe: 1, food: 1, store: 1, point_of_interest: 1, establishment: 1}","cafe"
"403","Próżna 12, 00-107 Warszawa, Poland",52.2365755,21.0046833,"a63511b8dcd4fab99181c5c484a58fa38c921ecc","Cafe Próżna",3.7,"{cafe: 1, food: 1, point_of_interest: 1, establishment: 1}","cafe"
"404","Bracka 20, 00-001 Warszawa, Poland",52.2319729,21.016482,"818eb0a2c4017b90a7697ba383817bc623e4be5e","Miedzy Nami",4.3,"{cafe: 1, food: 1, point_of_interest: 1, establishment: 1}","cafe"
"405","Wielicka 43, 02-001 Warszawa, Poland",52.187444,21.021684,"8ba2fcda3d25d64bce6fd3c2b6dfeb04a473d0cd","Cafe Wielicka",4.3,"{cafe: 1, food: 1, point_of_interest: 1, establishment: 1}","cafe"
"406","lok. U31, Sokołowska 9, 01-142 Warszawa, Poland",52.2356452,20.9589394,"c3a6e4b341745bf4ce1d62413af22a37db81a640","Biocultura Cafe",4.2,"{cafe: 1, restaurant: 1, food: 1, point_of_interest: 1, establishment: 1}","cafe"
"407","Stefana Okrzei 35, 03-715 Warszawa, Poland",52.2517269,21.0362433,"bb496c441362bfe75f9ab031baf3867fc757d82a","Nostalgia Café",NA,"{cafe: 1, food: 1, point_of_interest: 1, establishment: 1}","cafe"
"408","aleja Niepodległości 80, 02-001 Warszawa, Poland",52.1963925,21.0139019,"9f5c641f259a12d7d317000138e3513246ec2b2b","Trattoria Mood Cafe",4.2,"{restaurant: 1, cafe: 1, food: 1, point_of_interest: 1, establishment: 1}","cafe"
"409","Oboźna 3, Warszawa, Poland",52.2394757,21.022768,"f7259ef33ba99875cba31cf829cd6a05c67035fd","Kawiarnia Kafka",4.3,"{cafe: 1, food: 1, point_of_interest: 1, establishment: 1}","cafe"
"410","Anielewicza 2, Warszawa, Poland",52.2494577,20.9976913,"b7a56cc553489d8766d3c530fd668d268281c93a","Paradox Cafe",4.4,"{cafe: 1, food: 1, point_of_interest: 1, establishment: 1}","cafe"
"411","Aleje Jerozolimskie 113/115, 02-017 Warszawa, Poland",52.2255716,20.9938002,"67c689be040df778b3f9f458626c7094c058290a","Cafe du Monde",4.4,"{cafe: 1, restaurant: 1, food: 1, store: 1, point_of_interest: 1, establishment: 1}","cafe"
"412","Ludwika Waryńskiego 28, 00-650 Warszawa, Poland",52.2208984,21.0159934,"46c49753739c4692b50ce1440e7960fac9c71f14","MiTo",4.4,"{cafe: 1, art_gallery: 1, book_store: 1, food: 1, store: 1, point_of_interest: 1, establishment: 1}","cafe"
"413","Nowy Świat 64, 00-357 Warszawa, Poland",52.2364147,21.0184016,"e88f919173495c9c8fd20dbd60d43e8cae7eead5","Kawiarnia i Piekarnia Café Vincent",3.6,"{cafe: 1, food: 1, point_of_interest: 1, establishment: 1}","cafe"
"414","Wilcza 11, 00-538 Warszawa, Poland",52.2257722,21.0200234,"f6cb77801a8b73f1d0915e353f0889cf11427536","Marrakesh Cafe",4.4,"{cafe: 1, restaurant: 1, food: 1, point_of_interest: 1, establishment: 1}","cafe"
"415","Górczewska 80, 01-401 Warszawa, Poland",52.239052,20.9479049,"188c34df168493cfe6920418713653d39d6c2005","ToZo Cafe",4.7,"{cafe: 1, food: 1, point_of_interest: 1, establishment: 1}","cafe"
"416","Juliana Ursyna Niemcewicza 3, Warszawa, Poland",52.2204761,20.9885493,"143fa4989642f6e0f88ec62d627103eacc167b93","Kawiarnia Filtry",4.5,"{cafe: 1, food: 1, point_of_interest: 1, establishment: 1}","cafe"
"417","Melchiora Wańkowicza 5, 02-796 Warszawa, Poland",52.1337139,21.06404,"b380b75417af4886b6a763ecb6fa00f1e1a1d311","Me Gusta Cafe",4.2,"{cafe: 1, bakery: 1, meal_takeaway: 1, restaurant: 1, food: 1, store: 1, point_of_interest: 1, establishment: 1}","cafe"
"418","Zakręt 8, 02-907 Warszawa, Poland",52.1896956,21.0687879,"edbef5893ae8e676f97e60f3bb30aebbb2c173a5","NABO Cafe",4.6,"{cafe: 1, restaurant: 1, food: 1, point_of_interest: 1, establishment: 1}","cafe"
"419","Mokotowska 19, Warszawa, Poland",52.2204595,21.0177784,"389852e0ebc7395550f93015a885b023744e5644","Pini Cafe & Vino",3.9,"{cafe: 1, food: 1, point_of_interest: 1, establishment: 1}","cafe"
"420","Złota 8a, Warszawa, Poland",52.233269,21.0107443,"3b1ca9d25b3a22efc4be20e3948d9fdb4100a34a","Relax Cafe Bar",4.7,"{cafe: 1, bar: 1, food: 1, point_of_interest: 1, establishment: 1}","cafe"
"421","Słowackiego 15/19, 01-592 Warszawa, Poland",52.269654,20.979534,"bb0bbb3331ba5f552680f4e472e95fb443a30f0f","Secret Life Cafe",3.9,"{cafe: 1, food: 1, point_of_interest: 1, establishment: 1}","cafe"
"422","Franciszkańska 14, 00-214 Warszawa, Poland",52.2522056,21.0026243,"2274556f6181de5492fbdbe4631733872ea50d28","WakeCup Cafe",4.8,"{cafe: 1, food: 1, store: 1, point_of_interest: 1, establishment: 1}","cafe"
"423","Próżna 12, 00-107 Warszawa, Poland",52.2365755,21.0046833,"a63511b8dcd4fab99181c5c484a58fa38c921ecc","Cafe Próżna",3.7,"{cafe: 1, food: 1, point_of_interest: 1, establishment: 1}","cafe"
"424","Bracka 20, 00-001 Warszawa, Poland",52.2319729,21.016482,"818eb0a2c4017b90a7697ba383817bc623e4be5e","Miedzy Nami",4.3,"{cafe: 1, food: 1, point_of_interest: 1, establishment: 1}","cafe"
"425","Wielicka 43, 02-001 Warszawa, Poland",52.187444,21.021684,"8ba2fcda3d25d64bce6fd3c2b6dfeb04a473d0cd","Cafe Wielicka",4.3,"{cafe: 1, food: 1, point_of_interest: 1, establishment: 1}","cafe"
"426","lok. U31, Sokołowska 9, 01-142 Warszawa, Poland",52.2356452,20.9589394,"c3a6e4b341745bf4ce1d62413af22a37db81a640","Biocultura Cafe",4.2,"{cafe: 1, restaurant: 1, food: 1, point_of_interest: 1, establishment: 1}","cafe"
"427","Stefana Okrzei 35, 03-715 Warszawa, Poland",52.2517269,21.0362433,"bb496c441362bfe75f9ab031baf3867fc757d82a","Nostalgia Café",NA,"{cafe: 1, food: 1, point_of_interest: 1, establishment: 1}","cafe"
"428","aleja Niepodległości 80, 02-001 Warszawa, Poland",52.1963925,21.0139019,"9f5c641f259a12d7d317000138e3513246ec2b2b","Trattoria Mood Cafe",4.2,"{restaurant: 1, cafe: 1, food: 1, point_of_interest: 1, establishment: 1}","cafe"
"429","Oboźna 3, Warszawa, Poland",52.2394757,21.022768,"f7259ef33ba99875cba31cf829cd6a05c67035fd","Kawiarnia Kafka",4.3,"{cafe: 1, food: 1, point_of_interest: 1, establishment: 1}","cafe"
"430","Anielewicza 2, Warszawa, Poland",52.2494577,20.9976913,"b7a56cc553489d8766d3c530fd668d268281c93a","Paradox Cafe",4.4,"{cafe: 1, food: 1, point_of_interest: 1, establishment: 1}","cafe"
"431","Aleje Jerozolimskie 113/115, 02-017 Warszawa, Poland",52.2255716,20.9938002,"67c689be040df778b3f9f458626c7094c058290a","Cafe du Monde",4.4,"{cafe: 1, restaurant: 1, food: 1, store: 1, point_of_interest: 1, establishment: 1}","cafe"
"432","Ludwika Waryńskiego 28, 00-650 Warszawa, Poland",52.2208984,21.0159934,"46c49753739c4692b50ce1440e7960fac9c71f14","MiTo",4.4,"{cafe: 1, art_gallery: 1, book_store: 1, food: 1, store: 1, point_of_interest: 1, establishment: 1}","cafe"
"433","Nowy Świat 64, 00-357 Warszawa, Poland",52.2364147,21.0184016,"e88f919173495c9c8fd20dbd60d43e8cae7eead5","Kawiarnia i Piekarnia Café Vincent",3.6,"{cafe: 1, food: 1, point_of_interest: 1, establishment: 1}","cafe"
"434","Wilcza 11, 00-538 Warszawa, Poland",52.2257722,21.0200234,"f6cb77801a8b73f1d0915e353f0889cf11427536","Marrakesh Cafe",4.4,"{cafe: 1, restaurant: 1, food: 1, point_of_interest: 1, establishment: 1}","cafe"
"435","Górczewska 80, 01-401 Warszawa, Poland",52.239052,20.9479049,"188c34df168493cfe6920418713653d39d6c2005","ToZo Cafe",4.7,"{cafe: 1, food: 1, point_of_interest: 1, establishment: 1}","cafe"
"436","Juliana Ursyna Niemcewicza 3, Warszawa, Poland",52.2204761,20.9885493,"143fa4989642f6e0f88ec62d627103eacc167b93","Kawiarnia Filtry",4.5,"{cafe: 1, food: 1, point_of_interest: 1, establishment: 1}","cafe"
"437","Melchiora Wańkowicza 5, 02-796 Warszawa, Poland",52.1337139,21.06404,"b380b75417af4886b6a763ecb6fa00f1e1a1d311","Me Gusta Cafe",4.2,"{cafe: 1, bakery: 1, meal_takeaway: 1, restaurant: 1, food: 1, store: 1, point_of_interest: 1, establishment: 1}","cafe"
"438","Zakręt 8, 02-907 Warszawa, Poland",52.1896956,21.0687879,"edbef5893ae8e676f97e60f3bb30aebbb2c173a5","NABO Cafe",4.6,"{cafe: 1, restaurant: 1, food: 1, point_of_interest: 1, establishment: 1}","cafe"
"439","Mokotowska 19, Warszawa, Poland",52.2204595,21.0177784,"389852e0ebc7395550f93015a885b023744e5644","Pini Cafe & Vino",3.9,"{cafe: 1, food: 1, point_of_interest: 1, establishment: 1}","cafe"
"440","Złota 8a, Warszawa, Poland",52.233269,21.0107443,"3b1ca9d25b3a22efc4be20e3948d9fdb4100a34a","Relax Cafe Bar",4.7,"{cafe: 1, bar: 1, food: 1, point_of_interest: 1, establishment: 1}","cafe"
"441","Słowackiego 15/19, 01-592 Warszawa, Poland",52.269654,20.979534,"bb0bbb3331ba5f552680f4e472e95fb443a30f0f","Secret Life Cafe",3.9,"{cafe: 1, food: 1, point_of_interest: 1, establishment: 1}","cafe"
"442","Franciszkańska 14, 00-214 Warszawa, Poland",52.2522056,21.0026243,"2274556f6181de5492fbdbe4631733872ea50d28","WakeCup Cafe",4.8,"{cafe: 1, food: 1, store: 1, point_of_interest: 1, establishment: 1}","cafe"
"443","Próżna 12, 00-107 Warszawa, Poland",52.2365755,21.0046833,"a63511b8dcd4fab99181c5c484a58fa38c921ecc","Cafe Próżna",3.7,"{cafe: 1, food: 1, point_of_interest: 1, establishment: 1}","cafe"
"444","Bracka 20, 00-001 Warszawa, Poland",52.2319729,21.016482,"818eb0a2c4017b90a7697ba383817bc623e4be5e","Miedzy Nami",4.3,"{cafe: 1, food: 1, point_of_interest: 1, establishment: 1}","cafe"
"445","Wielicka 43, 02-001 Warszawa, Poland",52.187444,21.021684,"8ba2fcda3d25d64bce6fd3c2b6dfeb04a473d0cd","Cafe Wielicka",4.3,"{cafe: 1, food: 1, point_of_interest: 1, establishment: 1}","cafe"
"446","lok. U31, Sokołowska 9, 01-142 Warszawa, Poland",52.2356452,20.9589394,"c3a6e4b341745bf4ce1d62413af22a37db81a640","Biocultura Cafe",4.2,"{cafe: 1, restaurant: 1, food: 1, point_of_interest: 1, establishment: 1}","cafe"
"447","Stefana Okrzei 35, 03-715 Warszawa, Poland",52.2517269,21.0362433,"bb496c441362bfe75f9ab031baf3867fc757d82a","Nostalgia Café",NA,"{cafe: 1, food: 1, point_of_interest: 1, establishment: 1}","cafe"
"448","aleja Niepodległości 80, 02-001 Warszawa, Poland",52.1963925,21.0139019,"9f5c641f259a12d7d317000138e3513246ec2b2b","Trattoria Mood Cafe",4.2,"{restaurant: 1, cafe: 1, food: 1, point_of_interest: 1, establishment: 1}","cafe"
"449","Oboźna 3, Warszawa, Poland",52.2394757,21.022768,"f7259ef33ba99875cba31cf829cd6a05c67035fd","Kawiarnia Kafka",4.3,"{cafe: 1, food: 1, point_of_interest: 1, establishment: 1}","cafe"
"450","Anielewicza 2, Warszawa, Poland",52.2494577,20.9976913,"b7a56cc553489d8766d3c530fd668d268281c93a","Paradox Cafe",4.4,"{cafe: 1, food: 1, point_of_interest: 1, establishment: 1}","cafe"
"451","Aleje Jerozolimskie 113/115, 02-017 Warszawa, Poland",52.2255716,20.9938002,"67c689be040df778b3f9f458626c7094c058290a","Cafe du Monde",4.4,"{cafe: 1, restaurant: 1, food: 1, store: 1, point_of_interest: 1, establishment: 1}","cafe"
"452","Ludwika Waryńskiego 28, 00-650 Warszawa, Poland",52.2208984,21.0159934,"46c49753739c4692b50ce1440e7960fac9c71f14","MiTo",4.4,"{cafe: 1, art_gallery: 1, book_store: 1, food: 1, store: 1, point_of_interest: 1, establishment: 1}","cafe"
"453","Nowy Świat 64, 00-357 Warszawa, Poland",52.2364147,21.0184016,"e88f919173495c9c8fd20dbd60d43e8cae7eead5","Kawiarnia i Piekarnia Café Vincent",3.6,"{cafe: 1, food: 1, point_of_interest: 1, establishment: 1}","cafe"
"454","Wilcza 11, 00-538 Warszawa, Poland",52.2257722,21.0200234,"f6cb77801a8b73f1d0915e353f0889cf11427536","Marrakesh Cafe",4.4,"{cafe: 1, restaurant: 1, food: 1, point_of_interest: 1, establishment: 1}","cafe"
"455","Górczewska 80, 01-401 Warszawa, Poland",52.239052,20.9479049,"188c34df168493cfe6920418713653d39d6c2005","ToZo Cafe",4.7,"{cafe: 1, food: 1, point_of_interest: 1, establishment: 1}","cafe"
"456","Juliana Ursyna Niemcewicza 3, Warszawa, Poland",52.2204761,20.9885493,"143fa4989642f6e0f88ec62d627103eacc167b93","Kawiarnia Filtry",4.5,"{cafe: 1, food: 1, point_of_interest: 1, establishment: 1}","cafe"
"457","Melchiora Wańkowicza 5, 02-796 Warszawa, Poland",52.1337139,21.06404,"b380b75417af4886b6a763ecb6fa00f1e1a1d311","Me Gusta Cafe",4.2,"{cafe: 1, bakery: 1, meal_takeaway: 1, restaurant: 1, food: 1, store: 1, point_of_interest: 1, establishment: 1}","cafe"
"458","Zakręt 8, 02-907 Warszawa, Poland",52.1896956,21.0687879,"edbef5893ae8e676f97e60f3bb30aebbb2c173a5","NABO Cafe",4.6,"{cafe: 1, restaurant: 1, food: 1, point_of_interest: 1, establishment: 1}","cafe"
"459","Mokotowska 19, Warszawa, Poland",52.2204595,21.0177784,"389852e0ebc7395550f93015a885b023744e5644","Pini Cafe & Vino",3.9,"{cafe: 1, food: 1, point_of_interest: 1, establishment: 1}","cafe"
"460","Złota 8a, Warszawa, Poland",52.233269,21.0107443,"3b1ca9d25b3a22efc4be20e3948d9fdb4100a34a","Relax Cafe Bar",4.7,"{cafe: 1, bar: 1, food: 1, point_of_interest: 1, establishment: 1}","cafe"
